species,control_mean,case_mean,log2_fold_change,p_value,control_prevalence,case_prevalence,p_adjusted,significant
s__Tessaracoccus_flavus,1.2550120288692864e-05,0.2826734117647059,14.459135882434335,4.7312958903586596e-166,0.0016038492381716118,0.5764705882352941,2.654256994491208e-163,True
s__Arthrobacter_ruber,0.00048031275060144346,0.5804241764705883,10.238917490408154,5.886132166919818e-161,0.00400962309542903,0.5764705882352941,1.651060072821009e-158,True
s__Arthrobacter_subterraneus,0.0,0.21675223529411763,31.01339972621251,1.943612008441625e-160,0.0,0.5470588235294118,3.6345544557858385e-158,True
s__Streptococcus_alactolyticus,0.0021795429029671212,0.8929816470588235,8.678461045969021,4.612364669254775e-160,0.0008019246190858059,0.5529411764705883,6.468841448629822e-158,True
s__Ornithinimicrobium_flavum,5.898155573376103e-05,0.18502082352941177,11.615133708814627,2.1578881916993614e-159,0.0048115477145148355,0.5764705882352941,2.4211505510866837e-157,True
s__Paracoccus_everestensis,0.0025349318364073776,2.0843129411764707,9.683409175521254,2.645609624812713e-158,0.007217321571772253,0.5882352941176471,2.4736449991998867e-156,True
s__Paracoccus_endophyticus,2.8692862870890135e-05,0.41608035294117646,13.823877596437203,6.964344449914651e-158,0.0056134723336006415,0.5764705882352941,5.1099930232442e-156,True
s__GGB71953_SGB99001,0.001179494787489976,0.699804294117647,9.21263854196467,7.28697757325376e-158,0.006415396952686447,0.5823529411764706,5.1099930232442e-156,True
s__Ornithinimicrobium_kibberense,0.00040413793103448274,0.4165962941176471,10.009586169388957,9.35216328945063e-158,0.0056134723336006415,0.5764705882352941,5.829515117090893e-156,True
s__Belnapia_rosea,2.806736166800321e-05,0.14582423529411764,12.34304429218477,7.390489543181054e-152,0.00400962309542903,0.5470588235294118,4.146064633724571e-150,True
s__Janibacter_endophyticus,0.00018239775461106658,0.13780217647058826,9.561294199674844,1.3584189419464023e-151,0.00400962309542903,0.5470588235294118,6.927936603926652e-150,True
s__Rubellimicrobium_rubrum,1.61186848436247e-06,0.06673299999999999,15.337289205790972,2.1295297467072293e-151,0.0008019246190858059,0.5235294117647059,9.955551565856297e-150,True
s__Geodermatophilus_sp_DSM_45219,0.0043828869286287086,0.6943432941176471,7.3076238269610325,1.5925549941486261e-150,0.007217321571772253,0.5647058823529412,6.872487320902918e-149,True
s__Roseomonas_pecuniae,0.007133336006415396,0.2467518235294118,5.112339985152352,2.5991196917648287e-149,0.008821170809943865,0.5705882352941176,1.0415043907714777e-147,True
s__Deinococcus_budaensis,0.0002656295108259824,0.13215847058823532,8.958637203242837,2.129232700423919e-147,0.00801924619085806,0.5588235294117647,7.646008592898518e-146,True
s__Arsenicicoccus_bolidensis,0.007318155573376103,1.650216764705882,7.816959721975553,2.1806798125913777e-147,0.012028869286287089,0.5823529411764706,7.646008592898518e-146,True
s__Piscicoccus_intestinalis,0.03314154771451483,0.5601547058823529,4.079112444402988,3.8360689829350037e-147,0.011226944667201283,0.5764705882352941,1.2659027643685513e-145,True
s__Blastococcus_aggregatus,8.493985565356858e-05,0.09589188235294117,10.140749620971018,1.6087818891953462e-146,0.0048115477145148355,0.5352941176470588,5.014036887992163e-145,True
s__Dietzia_kunjamensis,0.0016405453087409783,0.9724959411764705,9.21137289194155,3.8705900078402733e-146,0.012028869286287089,0.5764705882352941,1.1428426286307333e-144,True
s__Paracoccus_chinensis,0.0004364394546912591,0.736253,10.720204032727764,9.761938356265362e-145,0.015236567762630313,0.5882352941176471,2.7382237089324343e-143,True
s__Paracnuella_aquatica,5.5060144346431446e-05,0.06138935294117647,10.12276173823148,4.203055098770103e-144,0.0024057738572574178,0.5117647058823529,1.1228161478142989e-142,True
s__Altererythrobacter_sp_TH136,0.006047080994386528,0.11364141176470587,4.2321059239813925,3.2679940435381974e-142,0.009623095429029671,0.5529411764705883,8.333384811022404e-141,True
s__Ornithinimicrobium_pekingense,0.0,0.04115494117647059,28.616490417621495,1.3431916297430578e-140,0.0,0.4823529411764706,3.276219583851545e-139,True
s__Kocuria_rosea,0.02053663191659984,14.664063235294117,9.479869596183942,7.642985699032919e-140,0.024859663191659984,0.6176470588235294,1.7865479071489447e-138,True
s__Deinococcus_reticulitermitis,0.00023684843624699277,0.1926293529411765,9.667647087901415,3.1637972907438656e-139,0.009623095429029671,0.5411764705882353,7.099561120429235e-138,True
s__Tessaracoccus_sp_SD287,0.0008053568564554932,0.16339111764705883,7.664485475339137,6.587011368440366e-139,0.009623095429029671,0.5411764705882353,1.421274376036556e-137,True
s__Arthrobacter_sp_Soil782,0.0,0.16359017647058824,30.60743897244684,8.25477695454409e-139,0.0,0.4764705882352941,1.7151592116663833e-137,True
s__Pseudokineococcus_lusitanus,0.00012343223736968725,0.07471282352941175,9.241491668813598,1.2871571533204147e-137,0.006415396952686447,0.5176470588235295,2.5789112964741163e-136,True
s__Microbacterium_sp_Marseille_Q6648,3.108259823576584e-05,0.054129588235294124,10.766089953749871,3.9829384322506446e-137,0.0032076984763432237,0.49411764705882355,7.704925725836592e-136,True
s__Nocardioides_sp_STR3,0.0,0.048784764705882354,28.861855432077334,5.044138051324543e-137,0.0,0.47058823529411764,9.432538155976895e-136,True
s__Agrococcus_lahaulensis,0.00013036888532477945,0.10550923529411764,9.660552876138286,2.1101198023264436e-135,0.00400962309542903,0.49411764705882355,3.818636158403661e-134,True
s__Comamonadaceae_unclassified_SGB108207,0.006166222935044106,0.6046566470588236,6.615585260406687,2.1850280246737675e-135,0.0136327185244587,0.5529411764705883,3.830627255756199e-134,True
s__Kocuria_sediminis,0.0052005292702485975,0.20242623529411763,5.282593987024295,4.33459309864978e-133,0.012830793905372895,0.5470588235294118,7.368808267704626e-132,True
s__Janibacter_melonis,0.0018793584603047314,0.19695294117647058,6.711466809083125,5.361279160163514e-132,0.014434643143544507,0.5470588235294118,8.846110614269799e-131,True
s__Planomicrobium_okeanokoites,0.0,0.08735029411764707,29.702237321606997,1.112144495264718e-131,0.0,0.45294117647058824,1.782608748124305e-130,True
s__Planococcus_wigleyi,0.009948604651162792,0.5534456470588236,5.79780362131453,2.8867570240069707e-131,0.0024057738572574178,0.47058823529411764,4.498529695744196e-130,True
s__Skermanella_aerolata,0.002780473135525261,0.8042084117647059,8.17609516628938,5.842697518068599e-131,0.023255813953488372,0.5823529411764706,8.858792723341848e-130,True
s__Nocardioides_seonyuensis,5.862068965517242e-06,0.04309647058823529,12.843847555177838,7.515086729934685e-130,0.0016038492381716118,0.4588235294117647,1.1094641198666733e-128,True
s__Psychrobacter_pasteurii,4.440256615878108e-05,0.08561758823529413,10.913045177307056,5.69062509177677e-128,0.0008019246190858059,0.4470588235294118,8.185745324325047e-127,True
s__Micrococcus_flavus,0.010698773055332799,0.25866805882352945,4.59558464170582,1.4696222557952273e-127,0.00801924619085806,0.5,2.0611452137528063e-126,True
s__Blastococcus_saxobsidens,0.0001844426623897354,0.0516484705882353,8.129408643088562,4.346437518061785e-126,0.00400962309542903,0.4647058823529412,5.947198652762588e-125,True
s__Micrococcus_luteus_ATCC_49442,4.530874097834804e-06,0.10459523529411766,14.494636365281734,1.5678149936833702e-124,0.0016038492381716118,0.4411764705882353,2.0941528844199302e-123,True
s__Flavimobilis_marinus,0.002355942261427426,0.07619105882352942,5.015245557426291,1.7236319432092304e-123,0.0136327185244587,0.5176470588235295,2.2487384189311121e-122,True
s__Pseudarthrobacter_oxydans,2.5910184442662387e-05,0.1612821764705882,12.603774539919112,5.14952259285024e-123,0.00400962309542903,0.45294117647058824,6.565641305884055e-122,True
s__Pseudarthrobacter_polychromogenes,0.0,0.08077100000000001,29.589262161955347,7.988841757326823e-123,0.0,0.4235294117647059,9.959422724134105e-122,True
s__Propioniciclava_soli,7.222935044105854e-05,0.035096999999999996,8.92454481311194,9.665591608321695e-123,0.00400962309542903,0.45294117647058824,1.1787819331018415e-121,True
s__Mycobacterium_doricum,0.004964410585404972,0.07733552941176469,3.961436996048602,3.7569754632122077e-121,0.014434643143544507,0.5176470588235295,4.4843898614086135e-120,True
s__Corynebacterium_SGB61358,0.0018015557337610264,0.09155594117647058,5.667338239344366,6.956094205578932e-120,0.0032076984763432237,0.4411764705882353,8.129935102770377e-119,True
s__GGB71854_SGB98855,4.63672814755413e-05,0.039816882352941174,9.746054296187085,4.586433829080625e-119,0.0024057738572574178,0.4294117647058823,5.250998730845368e-118,True
s__Paracoccus_acridae,0.0002138492381716119,0.06065088235294118,8.147790083753966,7.120816342902806e-119,0.0024057738572574178,0.4294117647058823,7.989555936736948e-118,True
s__Sphingomonas_sp_S_NIH_Pt15_0812,1.733761026463512e-05,0.06618229411764706,11.898316209318093,1.694992138973734e-117,0.0032076984763432237,0.4294117647058823,1.8644913528711074e-116,True
s__Deinococcus_sp_NW_56,1.5677626303127506e-05,0.042977529411764706,11.420650494416114,2.1704974677624978e-117,0.0008019246190858059,0.4117647058823529,2.341632845028387e-116,True
s__Spirosoma_sp_RHs26,1.893344025661588e-05,0.04814811764705883,11.3123194883947,1.5106112919224044e-115,0.0016038492381716118,0.4117647058823529,1.5989678014499413e-114,True
s__Dietzia_cercidiphylli,0.0021429671210906175,0.19893441176470592,6.536539263636265,2.2375317209920265e-115,0.008821170809943865,0.4647058823529412,2.3245468434750498e-114,True
s__Pantoea_ananatis,0.0018779871692060947,0.16685823529411767,6.473291800123677,3.519189277901291e-115,0.0056134723336006415,0.4411764705882353,3.589573063459317e-114,True
s__Williamsia_marianensis,0.012397562149157978,0.0822450588235294,2.7298725387010605,9.013700023903888e-115,0.02566158781074579,0.5529411764705883,9.029795916803717e-114,True
s__Iamia_sp_SCSIO_61187,5.625501202886929e-05,0.01954464705882353,8.440573621190195,3.7497074770482335e-114,0.0056134723336006415,0.43529411764705883,3.6905015695158934e-113,True
s__Tsuneonella_troitsensis,2.4667201283079393e-05,0.03522429411764706,10.479755197728595,4.995506596937837e-114,0.00400962309542903,0.4235294117647059,4.831860691176081e-113,True
s__Modestobacter_marinus,0.0003878027265437049,0.06221758823529412,7.3258553455725055,9.803280149273075e-114,0.007217321571772253,0.4470588235294118,9.321424006342703e-113,True
s__Brachybacterium_muris,0.007150617481956696,0.11823035294117648,4.047388803606918,1.312761775645843e-113,0.01603849238171612,0.5,1.2274322602288633e-112,True
s__Lactobacillus_amylovorus,0.00010259823576583801,0.19447176470588232,10.888337662014957,1.7897016747310101e-113,0.00801924619085806,0.4470588235294118,1.6459387533181911e-112,True
s__Knoellia_aerolata,8.429029671210906e-05,0.05120335294117647,9.246654299709194,2.2557894894732326e-112,0.0048115477145148355,0.4235294117647059,2.0411256509588446e-111,True
s__Serinicoccus_profundi,0.007769591018444267,0.10455358823529412,3.750260089083205,2.306489678039508e-109,0.010425020048115477,0.45294117647058824,2.0538741418732764e-108,True
s__Kocuria_carniphila,0.020183584603047314,0.1331914705882353,2.722247366115072,2.061657709259049e-108,0.018444266238973536,0.5,1.807171835772385e-107,True
s__Deinococcus_ficus,8.95429029671211e-05,0.06657817647058822,9.538252941318994,9.306665780803961e-107,0.00400962309542903,0.4,8.032368466201572e-106,True
s__Georgenia_muralis,6.833199679230153e-05,0.01575658823529412,7.849176079474687,9.89041819557856e-107,0.0048115477145148355,0.40588235294117647,8.406855466241776e-106,True
s__Micrococcus_terreus,0.005078179631114675,0.11022458823529407,4.439990821649543,4.9233140183725015e-106,0.015236567762630313,0.47058823529411764,4.122356961652199e-105,True
s__Methylorubrum_extorquens,0.004275412991178829,0.088364,4.369323003419174,4.321423170284372e-104,0.010425020048115477,0.43529411764705883,3.565174115484607e-103,True
s__Clostridium_SGB6173,1.0809943865276664e-05,0.20345782352941175,14.200069760156309,6.332603249252228e-104,0.0056134723336006415,0.4,5.148681772218115e-103,True
s__Cellulomonas_endophytica,3.9270248596631916e-05,0.024333117647058825,9.275265061382086,1.6553066444949144e-103,0.0048115477145148355,0.3941176470588235,1.3266100393737814e-102,True
s__Sphingomonas_carotinifaciens,0.0022095829991980753,0.07798841176470589,5.141413677970999,6.016103001995262e-103,0.0056134723336006415,0.4,4.7535687100272415e-102,True
s__Methylobacterium_brachiatum,0.0035326383319967923,0.18190952941176472,5.686331215816771,1.2060058976001088e-102,0.009623095429029671,0.4235294117647059,9.396795952134181e-102,True
s__Methylobacterium_sp_Leaf125,0.0068102646351242985,0.15626611764705883,4.520150309885508,1.232100030710164e-102,0.011226944667201283,0.43529411764705883,9.468604345594548e-102,True
s__Staphylococcus_equorum,0.018099502806736167,0.14337835294117648,2.9858052453418398,1.0136260143440198e-101,0.007217321571772253,0.40588235294117647,7.684381000635068e-101,True
s__Microbacterium_sp_KSW4_6,0.0052909542902967125,0.062456823529411766,3.561259313569038,2.0974250998067258e-98,0.012830793905372895,0.4294117647058823,1.568873974655431e-97,True
s__Microlunatus_sagamiharensis,0.00014065757818765038,0.054031470588235306,8.585467832847725,8.566262493364174e-95,0.006415396952686447,0.3764705882352941,6.32325428786487e-94,True
s__Methylobacterium_longum,0.018671018444266243,0.17298876470588237,3.211805804471228,3.564346752529218e-94,0.010425020048115477,0.4,2.596881205414145e-93,True
s__Yimella_lutea,0.0012621331194867683,0.030454588235294122,4.592723501722276,5.029956972194062e-94,0.011226944667201283,0.40588235294117647,3.617699822308806e-93,True
s__Saccharopolyspora_rectivirgula,0.4125005533279872,0.22205617647058823,-0.8934713540070259,4.693757306096279e-92,0.010425020048115477,0.4,3.3331618338228003e-91,True
s__Paracoccus_marcusii,0.15154059342421813,1.164384882352941,2.9417918051762717,8.133585778942633e-89,0.06094627105052125,0.5823529411764706,5.703677027483522e-88,True
s__Rhodococcus_fascians,0.014811507618283882,0.05051135294117647,1.7698891821961098,2.6392114739746146e-84,0.01603849238171612,0.4,1.827898317160196e-83,True
s__Brachybacterium_paraconglomeratum,0.021909101844426623,0.06989617647058823,1.6736831907271457,4.007850872432682e-79,0.024859663191659984,0.4294117647058823,2.741956511505774e-78,True
s__Pseudomonas_knackmussii,0.1376515477145148,0.15590894117647058,0.1796828357094524,7.780984207285264e-76,0.053728949478749,0.5176470588235295,5.259195349743413e-75,True
s__Paracoccus_sphaerophysae,0.014427522052927027,0.07145270588235295,2.308165102381733,1.5509591323876151e-72,0.022453889334402566,0.3941176470588235,1.0358191348445858e-71,True
s__Lactobacillus_gallinarum,0.04310267842822775,0.06347276470588235,0.5583601607983453,5.119518461838984e-72,0.011226944667201283,0.3352941176470588,3.3788821848137295e-71,True
s__Carnobacterium_viridans,0.011009230152365677,0.13722605882352942,3.6397689654785053,1.0690999772138019e-71,0.019246190858059342,0.37058823529411766,6.974012642057475e-71,True
s__Propioniciclava_sinopodophylli,0.0014889334402566157,0.2993935294117647,7.651619872499228,7.406978478096961e-68,0.08500400962309543,0.5352941176470588,4.776224053117695e-67,True
s__Aerococcus_urinaeequi,0.036528299919807536,0.11867994117647059,1.699989598877445,1.0822378254426747e-66,0.03528468323977546,0.4235294117647059,6.899266137197051e-66,True
s__Microbacterium_oleivorans,0.015809462710505214,0.02744058823529412,0.7955230664849892,6.003255167846471e-65,0.014434643143544507,0.3235294117647059,3.7840743249009774e-64,True
s__Kocuria_SGB98773,0.3603975541299118,0.0925164705882353,-1.9618070842983117,8.368200557197728e-61,0.04731355252606255,0.4647058823529412,5.216178347319917e-60,True
s__Ligilactobacillus_salivarius,0.016054001603849236,0.06342417647058825,1.9820999282189995,2.4847473823961877e-60,0.01603849238171612,0.31176470588235294,1.5318058038728147e-59,True
s__Candidatus_Microthrix_parvicella,0.00882337610264635,0.31190811764705884,5.143646492174533,4.088000142229014e-59,0.03368083400160385,0.3764705882352941,2.4927913910766053e-58,True
s__GGB46555_SGB64420,0.03671878909382518,0.07348694117647059,1.0009694174634334,2.090268100209247e-58,0.02566158781074579,0.35294117647058826,1.2609036604488038e-57,True
s__Kocuria_indica,0.5896308500400962,0.3410938823529412,-0.7896431294843228,5.269793637170887e-58,0.08259823576583801,0.5470588235294118,3.1450576919711356e-57,True
s__bacterium,0.07959153167602244,0.09968111764705882,0.3247053038288785,9.646245086958934e-58,0.0408981555733761,0.40588235294117647,5.69636157240417e-57,True
s__Stutzerimonas_kunmingensis,0.15480398556535685,0.8276065294117646,2.4185024112265086,1.8288817487410897e-53,0.0272654370489174,0.3411764705882353,1.0687527719205743e-52,True
s__Chroococcidiopsis_cubana,2.3632494707297513,0.44139111764705885,-2.4206424288195327,3.100546158620306e-51,0.09382518043303929,0.5823529411764706,1.7932024690577233e-50,True
s__Hyphomicrobiales_bacterium,0.21396191659983962,0.1563895294117647,-0.4522101071968666,1.1191401021522861e-49,0.07778668805132317,0.48823529411764705,6.406506094973801e-49,True
s__Psychrobacter_immobilis,0.01658402566158781,0.24946047058823528,3.910945057587846,1.3176825445938973e-49,0.0545308740978348,0.4,7.466867752698751e-49,True
s__Corynebacterium_xerosis,0.741637690457097,0.1336120588235294,-2.472664343004024,3.0415680251001894e-48,0.056134723336006415,0.4411764705882353,1.7063196620812063e-47,True
s__Kocuria_palustris,2.3463950681635932,0.19199617647058823,-3.6112964575188666,9.726290811275645e-42,0.09863672814755413,0.5352941176470588,5.402424896163997e-41,True
s__Candidatus_Microthrix_SGB36776,0.00328102646351243,0.14473564705882352,5.463129204821655,3.2370050732053156e-41,0.03368083400160385,0.3,1.7803527902629236e-40,True
s__Pantoea_dispersa,1.3013706495589417,0.10549352941176471,-3.624805503047648,4.756617459332597e-41,0.03688853247794707,0.32941176470588235,2.590740189015133e-40,True
s__Psychrobacter_maritimus,0.029074057738572575,0.6770001764705882,4.541351863861306,1.7111861134377846e-40,0.07618283881315156,0.4117647058823529,9.230532784986511e-40,True
s__Pseudomonas_asiatica,0.03999795509222133,9.143539823529412,7.836682739887261,3.068807137932676e-39,0.034482758620689655,0.29411764705882354,1.6396198136954582e-38,True
s__Paracoccus_salipaludis,0.301484242181235,0.011971117647058825,-4.654452829977369,6.28843757455253e-39,0.03368083400160385,0.3058823529411765,3.3281259238905374e-38,True
s__Micrococcus_endophyticus,0.8997188372093023,0.16652023529411764,-2.4337767257877734,1.0294380849711616e-38,0.0681635926222935,0.4235294117647059,5.397334258587119e-38,True
s__GGB35331_SGB62019,0.000357401764234162,0.044314647058823535,6.954092656510512,3.48563252714526e-38,0.03127506014434643,0.27647058823529413,1.8105924516004546e-37,True
s__GGB71855_SGB98856,0.1668031756214916,0.03237917647058823,-2.365008553849022,3.858840355425823e-37,0.023255813953488372,0.24705882352941178,1.986063705865951e-36,True
s__Rothia_sp_P100,0.0973994627105052,0.08820288235294119,-0.1430880118556028,4.453621524112952e-36,0.07217321571772253,0.38235294117647056,2.2713469772976053e-35,True
s__Jeotgalibaca_porci,0.0032746992782678435,0.026833588235294116,3.034605616100217,1.6530216223222138e-34,0.05533279871692061,0.32941176470588235,8.354460631736595e-34,True
s__Saccharopolyspora_sp_HNM0986,1.7478669206094628,0.02063429411764706,-6.404407441953956,2.6299459332493548e-30,0.04330392943063352,0.3,1.317321132636507e-29,True
s__Propioniciclava_sp_MC1595,0.2885482919005613,0.03712305882352941,-2.9584252934067354,1.4740749911067508e-29,0.09703287890938252,0.38823529411764707,7.31819530983086e-29,True
s__Escherichia_coli,0.10383024057738571,1.0654005294117648,3.3590973064364236,8.398130959153099e-29,0.19486768243785085,0.6,4.132764445688499e-28,True
s__Mediterraneibacter_catenae,0.5169110825982358,0.02030305882352941,-4.670147124415902,2.7756125145543178e-27,0.04971932638331997,0.3058823529411765,1.3540161918825845e-26,True
s__Pedobacter_quisquiliarum,0.23906613472333602,0.02972882352941177,-3.0074754959733476,3.958793433620961e-27,0.0673616680032077,0.3411764705882353,1.914554410570137e-26,True
s__Tessaracoccus_sp_MC1627,0.0013900882117080994,0.02249317647058823,4.016238973533773,1.1997619929839573e-25,0.08259823576583801,0.3352941176470588,5.715669987827157e-25,True
s__Desemzia_incerta,0.1477896471531676,0.026613823529411766,-2.4732975079163553,1.2022264858531275e-25,0.09703287890938252,0.4117647058823529,5.715669987827157e-25,True
s__Lactobacillus_crispatus,0.42460877305533284,0.06580023529411763,-2.6899695299511435,1.1639919822747765e-23,0.07217321571772253,0.3411764705882353,5.48739077358109e-23,True
s__Brevundimonas_vesicularis,0.3185671611868484,0.030740235294117645,-3.3733974401971243,2.445656811760017e-21,0.04731355252606255,0.2529411764705882,1.1433445594978078e-20,True
s__Psychrobacter_faecalis,1.6192582518043304,1.816463294117647,0.16579911688473098,6.5645649777309496e-21,0.297514033680834,0.5882352941176471,3.043571035129804e-20,True
s__Psychrobacter_alimentarius,0.10291272654370488,0.028577529411764706,-1.8484682953953566,8.180099012191907e-21,0.052125100240577385,0.25882352941176473,3.761504545770212e-20,True
s__Psychrobacter_sanguinis,0.4370683560545309,0.02744347058823529,-3.9933240792618196,8.538626895021893e-21,0.07137129109863673,0.3058823529411765,3.894446900900229e-20,True
s__Pseudomonas_coleopterorum,0.436249959903769,0.016934823529411763,-4.687090132222099,7.013687733270247e-16,0.04971932638331997,0.2235294117647059,3.1731280793262977e-15,True
s__Carnobacterium_inhibens,0.4510035364875702,0.04739782352941176,-3.250246025171687,1.0352469349229839e-15,0.08420208500400962,0.3,4.6461882439343524e-15,True
s__Aerococcus_viridans,0.06733459502806736,0.02293888235294118,-1.5535528151276725,2.1477743734835784e-15,0.03769045709703288,0.18823529411764706,9.562709710510218e-15,True
s__Thauera_aminoaromatica,0.10096595028067362,0.01964376470588235,-2.361725482966548,2.8584624850892934e-15,0.06094627105052125,0.23529411764705882,1.2626751607362942e-14,True
s__Chryseobacterium_sp_VAUSW3,0.014225276663993584,0.0703704705882353,2.306513441252019,1.219841375553657e-14,0.13311948676824378,0.36470588235294116,5.346336028793762e-14,True
s__Cutibacterium_acnes,3.79865629510826,1.3499342352941177,-1.4926000565969602,1.6304354830221084e-14,0.24699278267842822,0.6,7.090498495933355e-14,True
s__Acinetobacter_lwoffii,0.2889138732959102,0.08268082352941176,-1.8050148171111335,6.519027938470627e-13,0.15637530072173217,0.3941176470588235,2.813211287293863e-12,True
s__Pseudomonas_oryzihabitans,1.0638364955894146,0.1637424705882353,-2.699775961273191,1.5916487520608392e-12,0.13552526062550121,0.37058823529411766,6.8161446557719915e-12,True
s__Acinetobacter_johnsonii,1.561198492381716,0.3673860588235294,-2.0872851876685705,1.9414305529782893e-12,0.2285485164394547,0.5882352941176471,8.25107985015773e-12,True
s__Pseudomonas_atacamensis,0.2610439374498797,0.009719470588235293,-4.747271095516338,9.416214362241327e-12,0.046511627906976744,0.18235294117647058,3.9718016971559274e-11,True
s__Pantoea_agglomerans,0.7874194787489976,0.04331929411764707,-4.184050758666479,1.4183951322793627e-11,0.1090617481956696,0.3176470588235294,5.938206486632257e-11,True
s__Enterococcus_cecorum,0.001034851643945469,0.01318770588235294,3.6716976251434716,1.8208723910241156e-11,0.046511627906976744,0.17647058823529413,7.566736380477992e-11,True
s__Brevundimonas_diminuta,0.03733172413793103,0.4339287647058824,3.538984175520304,4.7376121354802986e-11,0.04891740176423416,0.17647058823529413,1.954265005885623e-10,True
s__Comamonas_denitrificans,0.6389368724939857,0.0,-32.57302625292923,1.227880719504019e-10,0.2028869286287089,0.0,5.028037106874122e-10,True
s__Trichococcus_flocculiformis,1.1363213632718525,0.15289164705882352,-2.8937894055096107,4.788457826525306e-10,0.1764234161988773,0.4647058823529412,1.946612203391809e-09,True
s__Diaphorobacter_nitroreducens,0.19956740176423418,0.1420910588235294,-0.4900603084687063,1.56923231377012e-09,0.21331194867682438,0.01764705882352941,6.333376460611779e-09,True
s__Epilithonimonas_hominis,0.053477072975140344,0.0,-28.994345264628596,1.898216211372731e-09,0.18043303929430635,0.0,7.606423532715014e-09,True
s__Acidovorax_caeni,0.07812267040898156,0.0001454705882352941,-9.068868971149678,2.0896969852671124e-09,0.19005613472333602,0.0058823529411764705,8.314326303084043e-09,True
s__Azonexus_hydrophilus,0.02854437048917402,0.0,-28.088631009980297,3.370013356509447e-09,0.1756214915797915,0.0,1.3313926007054926e-08,True
s__Megamonas_funiformis,0.17572145950280674,0.041524882352941175,-2.081242398733895,3.557809137252108e-09,0.13712910986367283,0.31176470588235294,1.3957558923065961e-08,True
s__Dialister_invisus,0.27468117080994386,0.0,-31.355110872642186,4.9290608253561416e-09,0.1724137931034483,0.0,1.920279946544997e-08,True
s__Acetoanaerobium_noterae,0.09942756214915797,2.1058823529411762e-05,-12.204998428538783,5.921934049042145e-09,0.17963111467522053,0.0058823529411764705,2.2911758631121677e-08,True
s__Uruburuella_suis,0.46245955894145946,0.00017011764705882353,-11.408577841667377,6.643048914817588e-09,0.17882919005613473,0.0058823529411764705,2.5525687953511417e-08,True
s__Phocaeicola_dorei,0.10001329591018444,0.0010361764705882352,-6.592778130200705,1.033487294604807e-08,0.19246190858059342,0.01764705882352941,3.944124981450998e-08,True
s__Akkermansia_muciniphila,0.08926648757016839,0.004356588235294117,-4.356847960933011,1.7597221686036333e-08,0.17321571772253408,0.0058823529411764705,6.670298220179988e-08,True
s__Alistipes_putredinis,0.09164467522052927,0.03785988235294118,-1.275381128888253,1.9165857312138204e-08,0.19005613472333602,0.01764705882352941,7.216138222892303e-08,True
s__Macellibacteroides_fermentans,0.157633656776263,0.00041329411764705885,-8.575190707600369,2.059202218589935e-08,0.2012830793905373,0.029411764705882353,7.701416297526358e-08,True
s__Acidovorax_temperans,0.7641987890938252,0.014655705882352939,-5.704413600765891,2.3445695310811126e-08,0.29591018444266237,0.11764705882352941,8.657064923813853e-08,True
s__Acinetobacter_parvus,0.203977562149158,0.0008997647058823528,-7.824646810286244,2.345586218216944e-08,0.20048115477145148,0.029411764705882353,8.657064923813853e-08,True
s__Bacteroides_ovatus,0.06478177225340818,0.002000470588235294,-5.017176544162264,2.395095546305113e-08,0.17882919005613473,0.011764705882352941,8.782017003118747e-08,True
s__Denitrificimonas_caeni,0.026960809943865273,0.05944294117647059,1.1406416598756501,3.651365081257615e-08,0.1339214113873296,0.3,1.3301401367438455e-07,True
s__GGB9758_SGB15368,0.09136673616680031,0.0010300588235294117,-6.470870248464217,4.971735155788264e-08,0.1619887730553328,0.0058823529411764705,1.7994473692885263e-07,True
s__Phascolarctobacterium_faecium,0.035641732157177225,7.311764705882353e-05,-8.9291301229693,5.290334213535959e-08,0.161186848436247,0.0058823529411764705,1.9024855729446622e-07,True
s__Sebaldella_termitidis,0.02192922213311949,0.0,-27.708279403745163,5.572393173066656e-08,0.15156375300721733,0.0,1.991154503242289e-07,True
s__GGB51647_SGB4348,0.1504275701684042,0.00012276470588235293,-10.258956262826395,5.68350080983589e-08,0.16920609462710506,0.011764705882352941,2.0180025027328695e-07,True
s__GGB4684_SGB6478,0.04297613472333601,0.0,-28.678960494960073,7.334862440387782e-08,0.1491579791499599,0.0,2.5717863787299097e-07,True
s__GGB2734_SGB3677,0.031000890136327185,0.0,-28.207734404311104,7.334863112242166e-08,0.1491579791499599,0.0,2.5717863787299097e-07,True
s__Paralysiella_testudinis,0.013383207698476342,0.0,-26.995848713664664,8.036697535776816e-08,0.1483560545308741,0.0,2.800364793522232e-07,True
s__Alistipes_onderdonkii,0.047699117882919,0.0021476470588235293,-4.473133694521533,8.100479620587058e-08,0.16840417000801924,0.011764705882352941,2.8051660908329257e-07,True
s__Lachnospiraceae_bacterium_CLA_AA_H244,0.0345681555733761,0.0,-28.364868392150928,9.645016199760407e-08,0.1467522052927025,0.0,3.319542385316312e-07,True
s__Pseudomonas_alcaligenes,0.04959910986367282,0.00035652941176470584,-7.120148921196702,1.0247672375207158e-07,0.15637530072173217,0.0058823529411764705,3.505453782006839e-07,True
s__Bacteroides_caccae,0.031882325581395345,0.0007596470588235294,-5.391283590830629,1.0456006421925142e-07,0.16519647153167602,0.011764705882352941,3.555042183454548e-07,True
s__GGB4599_SGB6362,0.03444829991980754,0.0,-28.359857548602996,1.056435422892774e-07,0.14595028067361668,0.0,3.5702426038725674e-07,True
s__Bacteroides_xylanisolvens,0.03041249398556535,0.000708,-5.424770760293261,1.2249627359797492e-07,0.15557337610264635,0.0058823529411764705,4.114994580147541e-07,True
s__GGB3256_SGB4303,0.06250218123496393,0.001938470588235294,-5.010915715650489,1.248988483386972e-07,0.15477145148356056,0.0058823529411764705,4.170729399881496e-07,True
s__Parabacteroides_distasonis,0.049535517241379314,0.005953117647058823,-3.056745984584059,1.2664884695699893e-07,0.18524458700882118,0.023529411764705882,4.18111511221281e-07,True
s__Budvicia_aquatica,0.012591828388131516,0.0,-26.90791255440515,1.2670045794584274e-07,0.14434643143544507,0.0,4.18111511221281e-07,True
s__GGB1627_SGB2230,0.024557794707297513,7.3529411764705884e-06,-11.705552333842483,1.3315067006887865e-07,0.15316760224538895,0.0058823529411764705,4.3682763689263697e-07,True
s__Pseudomonas_fluvialis,0.023546495589414594,0.0004008823529411765,-5.8761892857452995,1.3558579515188013e-07,0.15477145148356056,0.0058823529411764705,4.422304132570044e-07,True
s__Moraxella_osloensis,0.707102646351243,0.47550117647058826,-0.5724707479835561,1.416942895635661e-07,0.2814755412991179,0.5588235294117647,4.594826384113329e-07,True
s__Acinetobacter_portensis,0.026410705693664792,0.0,-27.97654761537158,1.518873252857547e-07,0.14274258219727345,0.0,4.869074126316432e-07,True
s__Dechloromonas_agitata,0.4094220689655172,0.0,-31.930941723991104,1.518873390562167e-07,0.14274258219727345,0.0,4.869074126316432e-07,True
s__Acinetobacter_celticus,0.03575789093825181,0.0,-28.41368640953573,1.6627292355442548e-07,0.14194065757818766,0.0,5.270006221131791e-07,True
s__Simplicispira_sp_110,0.01921432237369687,0.0,-27.517606864769935,1.6627292355442548e-07,0.14194065757818766,0.0,5.270006221131791e-07,True
s__Parabacteroides_merdae,0.020269783480352847,0.0033088235294117647,-2.6149403866105336,1.7070592830622687e-07,0.15396952686447474,0.0058823529411764705,5.380113807853555e-07,True
s__Barnesiella_intestinihominis,0.044202381716118684,0.0006977647058823529,-5.985239467969543,1.732153881480056e-07,0.16038492381716118,0.011764705882352941,5.428705740281069e-07,True
s__Pseudoxanthomonas_mexicana,0.07453629510825982,0.0024152941176470584,-4.947672266437819,1.7926012799467864e-07,0.17802726543704891,0.023529411764705882,5.586940655834151e-07,True
s__GGB4962_SGB6925,0.01320898957497995,0.0,-26.976944881502067,1.8200107175834313e-07,0.14113873295910184,0.0,5.641027693725442e-07,True
s__GGB9635_SGB15106,0.026487706495589413,0.0,-27.98074769429738,1.991952194095091e-07,0.14033680834001605,0.0,6.106476949813997e-07,True
s__Simplicispira_metamorpha,0.06341303929430633,0.0,-29.240204286139623,1.9919523740034964e-07,0.14033680834001605,0.0,6.106476949813997e-07,True
s__Perlucidibaca_piscinae,4.129906696070569,0.02943835294117647,-7.132268417479466,2.0512875794369182e-07,0.07698476343223737,0.21764705882352942,6.254197456870169e-07,True
s__GGB4713_SGB6526,0.05062487570168404,5.182352941176471e-05,-9.932020691537469,2.101486999236617e-07,0.1491579791499599,0.0058823529411764705,6.372617332820228e-07,True
s__Acinetobacter_towneri,0.035747818765036084,0.0018848823529411763,-4.245308758754905,2.4696123866017105e-07,0.16840417000801924,0.01764705882352941,7.448669617653546e-07,True
s__Flavobacterium_sp_HXWNR29,0.05316872493985565,0.0005648235294117646,-6.55663361642793,2.605756080617403e-07,0.15637530072173217,0.011764705882352941,7.787813689055123e-07,True
s__Bacteroides_eggerthii,0.013876447473937448,0.0,-27.04806303858377,2.6098199171878133e-07,0.13793103448275862,0.0,7.787813689055123e-07,True
s__Candidatus_Cibionibacter_quicibialis,0.09071995188452285,0.0006266470588235293,-7.177622721536284,2.760207750819869e-07,0.18043303929430635,0.029411764705882353,8.192997609576437e-07,True
s__Diaphorobacter_SGB61891,0.031057914995990376,2.8647058823529413e-05,-10.082353208124552,2.775779269538218e-07,0.1467522052927025,0.0058823529411764705,8.195853527426002e-07,True
s__Aeromonas_media,0.08126397754611067,7.929411764705883e-05,-10.00118460241105,2.8370415034820196e-07,0.1467522052927025,0.0058823529411764705,8.332881065201116e-07,True
s__Cloacibacterium_rupense,0.003403127506014435,3e-06,-10.14763494351086,3.0301634153753964e-07,0.14595028067361668,0.0058823529411764705,8.853758729299986e-07,True
s__Gemmiger_formicilis,0.03402721732157177,0.0009344117647058823,-5.186486776426856,3.4618866165620444e-07,0.15477145148356056,0.011764705882352941,1.0062789595291745e-06,True
s__GGB47687_SGB2286,0.0126726303127506,0.0,-26.917140769730604,3.7359163922232213e-07,0.1347233360064154,0.0,1.0803345855861996e-06,True
s__Dysgonomonas_sp_HDW5A,0.004305902165196471,0.0,-25.359812237985942,4.4669602519749847e-07,0.13311948676824378,0.0,1.2851101032604956e-06,True
s__Alistipes_finegoldii,0.011218620689655174,0.0,-26.741320081905588,4.883716599516421e-07,0.132317562149158,0.0,1.3837198266142593e-06,True
s__Prevotella_paludivivens,0.005155581395348838,0.0,-25.619631821803676,4.88371703510915e-07,0.132317562149158,0.0,1.3837198266142593e-06,True
s__Arcobacter_suis,0.03714633520449078,0.0,-28.46864464687954,4.88371703510915e-07,0.132317562149158,0.0,1.3837198266142593e-06,True
s__GGB3277_SGB4327,0.018998155573376103,0.0,-27.50128412870648,5.338792197235428e-07,0.13151563753007217,0.0,1.504645106916009e-06,True
s__Dialister_hominis,0.036194330392943064,0.0017394117647058826,-4.379092245023866,5.364153678844952e-07,0.14354450681635927,0.0058823529411764705,1.504645106916009e-06,True
s__Anaerostipes_hadrus,0.03823697674418605,0.0003504705882352941,-6.769530863964615,6.09273144207302e-07,0.1491579791499599,0.011764705882352941,1.700508626369634e-06,True
s__GGB57993_SGB79614,0.007938740978348034,0.0,-26.242406907848565,6.378098621285061e-07,0.12991178829190056,0.0,1.7626175588683405e-06,True
s__Proteiniclasticum_ruminis,0.025794186046511625,0.0,-27.942470686655014,6.37809918806191e-07,0.12991178829190056,0.0,1.7626175588683405e-06,True
s__Streptococcus_suis,0.6929304490777866,0.003426117647058824,-7.659992009124696,6.927382210485787e-07,0.18043303929430635,0.03529411764705882,1.8890338670308413e-06,True
s__GGB26696_SGB38877,0.005953728949478748,0.0,-25.827290231123733,6.97023067851308e-07,0.12910986367281477,0.0,1.8890338670308413e-06,True
s__GGB4552_SGB6276,0.012608267842822775,0.0,-26.909794858561202,6.970231915782248e-07,0.12910986367281477,0.0,1.8890338670308413e-06,True
s__Thauera_phenylacetica,0.005389214113873296,0.0,-25.683571597228035,6.970231915782248e-07,0.12910986367281477,0.0,1.8890338670308413e-06,True
s__GGB9345_SGB14311,0.01814081796311147,0.0,-27.434664274997452,7.616544169061682e-07,0.12830793905372895,0.0,2.0542698455978864e-06,True
s__GGB9715_SGB15265,0.02024979951884523,0.00020147058823529414,-6.651193863914157,7.712685440341101e-07,0.13793103448275862,0.0058823529411764705,2.0702471445126112e-06,True
s__GGB4569_SGB6310,0.017039470729751403,0.0,-27.344305291661023,8.321921920470406e-07,0.12750601443464316,0.0,2.2231419987542367e-06,True
s__Lachnospira_eligens,0.02054700882117081,0.001978235294117647,-3.376642381969443,9.897657271185909e-07,0.13793103448275862,0.0058823529411764705,2.615794866508712e-06,True
s__Tepidiphilus_succinatimandens,0.008923079390537289,0.0,-26.411038356308392,9.931625813681296e-07,0.12590216519647154,0.0,2.615794866508712e-06,True
s__GGB4682_SGB6472,0.017666720128307938,0.0,-27.396458991996813,9.93162756802773e-07,0.12590216519647154,0.0,2.615794866508712e-06,True
s__Faecalibacterium_SGB15346,0.03881759422614275,0.0013225882352941175,-4.8752747236706195,1.0553180092358958e-06,0.14514835605453089,0.011764705882352941,2.7665112298193346e-06,True
s__Vitreoscilla_massiliensis,0.0031287730553327983,0.0,-24.89909372721989,1.0848053718223433e-06,0.12510024057738572,0.0,2.8174808670245007e-06,True
s__GGB4567_SGB6308,0.012396559743384123,0.0,-26.885364574430575,1.0848054675174548e-06,0.12510024057738572,0.0,2.8174808670245007e-06,True
s__Bacteroides_cellulosilyticus,0.038809759422614276,4.811764705882353e-05,-9.655634683357377,1.2219890579141983e-06,0.1339214113873296,0.0058823529411764705,3.1591514354371667e-06,True
s__Thauera_terpenica,0.17701934242181236,0.0004748235294117646,-8.542299561839998,1.2359071564268513e-06,0.1748195669607057,0.03529411764705882,3.1804766731902e-06,True
s__Dorea_longicatena,0.020137425821972733,0.00023770588235294117,-6.404557259500401,1.2487953702593934e-06,0.14274258219727345,0.011764705882352941,3.198968962171323e-06,True
s__GGB4694_SGB6493,0.015205124298315957,0.0,-27.17998237869677,1.2938432275128357e-06,0.12349639133921411,0.0,3.2993002301577308e-06,True
s__GGB4585_SGB6340,0.011492566158781073,0.0,-26.776125742933782,1.5425351529894519e-06,0.1218925421010425,0.0,3.898028363950847e-06,True
s__GGB9708_SGB15234,0.01012813151563753,0.0,-26.593792817002456,1.5425352884083566e-06,0.1218925421010425,0.0,3.898028363950847e-06,True
s__Bifidobacterium_catenulatum,0.0054770088211708095,0.0,-25.706884894499186,1.684015525101508e-06,0.1210906174819567,0.0,4.236469549694825e-06,True
s__Coprococcus_comes,0.01019797113071371,0.0002836470588235294,-5.168040949701678,1.8271704869237734e-06,0.13071371291098638,0.0058823529411764705,4.543082044717621e-06,True
s__GGB4651_SGB6438,0.009681210906174818,0.0,-26.528684187261682,1.838287939092928e-06,0.12028869286287089,0.0,4.543082044717621e-06,True
s__GGB4571_SGB6317,0.01100467522052927,0.0,-26.713541340005587,1.8382881000907309e-06,0.12028869286287089,0.0,4.543082044717621e-06,True
s__GGB3278_SGB4328,0.012836375300721731,0.0,-26.935662646168442,1.8382881000907309e-06,0.12028869286287089,0.0,4.543082044717621e-06,True
s__Blautia_faecis,0.010184787489975942,3.976470588235294e-05,-8.000708048765981,1.86964814034409e-06,0.12991178829190056,0.0058823529411764705,4.600318450583485e-06,True
s__Bacteroides_graminisolvens,0.11854260625501203,0.0010161764705882354,-6.866110766551716,1.9472465463878422e-06,0.1724137931034483,0.03529411764705882,4.7703288756488185e-06,True
s__Anaerobutyricum_hallii,0.013150529270248597,0.0002622941176470588,-5.6477910623588965,1.979698590777105e-06,0.12991178829190056,0.0058823529411764705,4.8287430844606775e-06,True
s__Tessaracoccus_defluvii,0.004194843624699278,0.0,-25.322113729512886,2.006492526489709e-06,0.11948676824378508,0.0,4.8729104214750076e-06,True
s__GGB39817_SGB99175,0.018428444266238974,0.0,-27.45735905036942,2.1898705575481542e-06,0.11868484362469928,0.0,5.295333546484977e-06,True
s__Simiaoa_sunii,0.026168203688853246,0.00024923529411764706,-6.714162128370776,2.359400847722963e-06,0.13712910986367283,0.011764705882352941,5.680789165547563e-06,True
s__Succinispira_mobilis,0.0034901603849238167,0.0,-25.056790040325694,2.389770424645512e-06,0.11788291900561347,0.0,5.729321402675779e-06,True
s__Faecalibacillus_intestinalis,0.01204214915797915,1.7999999999999997e-05,-9.385872267472694,2.4327374568943143e-06,0.12750601443464316,0.0058823529411764705,5.799995266762945e-06,True
s__Pseudomonas_chengduensis,0.10829132317562146,0.005601705882352942,-4.272907580550334,2.439926707586551e-06,0.19005613472333602,0.047058823529411764,5.799995266762945e-06,True
s__Oscillibacter_sp_ER4,0.018386776263031274,0.004678352941176471,-1.974595922760676,2.4548108249180614e-06,0.12991178829190056,0.0058823529411764705,5.810754737464272e-06,True
s__GGB4689_SGB6487,0.009830681635926224,0.0,-26.55078813194078,2.607660978175322e-06,0.11708099438652766,0.0,6.146629448556116e-06,True
s__GGB9602_SGB15031,0.012789366479550921,2.5352941176470585e-05,-8.978570284740922,2.6348804099856824e-06,0.12670408981555734,0.0058823529411764705,6.18480297071953e-06,True
s__Blautia_massiliensis,0.010437890938251806,4.858823529411765e-05,-7.747004526929028,3.0260190817782712e-06,0.1347233360064154,0.011764705882352941,7.073319603656709e-06,True
s__Arcobacter_caeni,0.05279651964715316,0.0,-28.975867591921162,3.103937967746292e-06,0.11547714514835605,0.0,7.22534937720195e-06,True
s__GGB41936_SGB59041,0.01815248596631916,7.176470588235294e-06,-11.304584925712005,3.436558504316095e-06,0.12429831595829992,0.0058823529411764705,7.966567441823675e-06,True
s__Methanobrevibacter_smithii,0.01621574979951885,0.0001294705882352941,-6.9686264195665695,3.5610352320771886e-06,0.12429831595829992,0.0058823529411764705,8.221155412326349e-06,True
s__Acinetobacter_bohemicus,0.08947702485966318,9.223529411764705e-05,-9.921981101264016,3.613570479327678e-06,0.13311948676824378,0.011764705882352941,8.308250159437816e-06,True
s__Odoribacter_splanchnicus,0.011345621491579791,0.001167235294117647,-3.280968210948772,3.671382773841303e-06,0.12590216519647154,0.0058823529411764705,8.406717290306004e-06,True
s__Bacteroides_fragilis,0.019955461106655976,0.008919176470588234,-1.161801192500136,3.7260974937746145e-06,0.14434643143544507,0.01764705882352941,8.497319894339669e-06,True
s__Klebsiella_pneumoniae,0.2984988452285485,0.029768764705882352,-3.3258540845346105,3.866930725362824e-06,0.14595028067361668,0.01764705882352941,8.78278597946779e-06,True
s__GGB33469_SGB15236,0.008363231756214916,0.0,-26.317557223972532,4.027996179035951e-06,0.11307137129109864,0.0,9.075124707890228e-06,True
s__GGB1627_SGB2227,0.006464683239775461,0.0,-25.946076368303643,4.02799652810101e-06,0.11307137129109864,0.0,9.075124707890228e-06,True
s__Bacteroides_thetaiotaomicron,0.011601355252606254,0.004011058823529411,-1.5322382960677778,4.086462301021639e-06,0.13552526062550121,0.011764705882352941,9.17002140349256e-06,True
s__GGB4683_SGB6473,0.009842654370489173,0.0,-26.552544113410427,4.392690862820064e-06,0.11226944667201283,0.0,9.778967410124267e-06,True
s__GGB9760_SGB15374,0.0055672734562951095,0.0,-25.730467638130953,4.392691243050472e-06,0.11226944667201283,0.0,9.778967410124267e-06,True
s__GGB9708_SGB15233,0.006480986367281477,0.0,-25.949710085830606,4.789946690230576e-06,0.11146752205292702,0.0,1.0579371360441497e-05,True
s__Acidovorax_facilis,0.005968011226944667,0.0,-25.830746937960082,4.789947104371017e-06,0.11146752205292702,0.0,1.0579371360441497e-05,True
s__Bifidobacterium_bifidum,0.009695966319165998,0.015562235294117646,0.6825926998064451,4.832009124123439e-06,0.13311948676824378,0.011764705882352941,1.0630420073071568e-05,True
s__Clostridiaceae_bacterium,0.009315204490777867,0.0001836470588235294,-5.664578973926031,4.947426522312199e-06,0.13071371291098638,0.011764705882352941,1.0833314624469575e-05,True
s__GGB9747_SGB15356,0.0064619887730553325,0.00023623529411764707,-4.77368122767775,4.962855362724922e-06,0.1218925421010425,0.0058823529411764705,1.0833314624469575e-05,True
s__Streptococcus_thermophilus,0.998561475541299,0.033005,-4.919094741219211,4.995964482054878e-06,0.18283881315156375,0.047058823529411764,1.0863318117956537e-05,True
s__Faecalibacterium_sp_HTFF,0.012535004009623095,0.0,-26.90138722826093,5.2226317207494036e-06,0.11066559743384122,0.0,1.1312341294750637e-05,True
s__GGB4549_SGB6271,0.005931555733761027,0.0,-25.821907234286325,5.6938609492957716e-06,0.10986367281475541,0.0,1.2285599971365106e-05,True
s__GGB4693_SGB6491,0.0126885084202085,5.676470588235294e-05,-7.804310043637946,5.892234206034202e-06,0.11948676824378508,0.0058823529411764705,1.2664917201475814e-05,True
s__Alistipes_shahii,0.01096540497193264,0.0020031764705882352,-2.4525976088021477,6.162665699740541e-06,0.13071371291098638,0.011764705882352941,1.312297989863943e-05,True
s__Sphaerotilus_natans,0.03912466720128308,0.004858235294117647,-3.0095741849622297,6.2028593581596374e-06,0.132317562149158,0.011764705882352941,1.312297989863943e-05,True
s__Granulicatella_sp_s8,0.003970344827586207,0.0,-25.242761012562546,6.207024666138287e-06,0.1090617481956696,0.0,1.312297989863943e-05,True
s__GGB4596_SGB6358,0.008087064955894145,0.0,-26.26911288138427,6.20702520096646e-06,0.1090617481956696,0.0,1.312297989863943e-05,True
s__Phascolarctobacterium_succinatutens,0.012376014434643144,9.711764705882353e-05,-6.993596126605509,6.222304194363794e-06,0.12830793905372895,0.011764705882352941,1.312297989863943e-05,True
s__GGB4266_SGB5809,0.012196311146752204,6.711764705882353e-05,-7.505534868150452,6.4896825736308855e-06,0.11868484362469928,0.0058823529411764705,1.363562518279748e-05,True
s__Brotolimicola_acetigignens,0.01723048115477145,0.00046676470588235294,-5.2061234012134765,6.638872723022383e-06,0.12830793905372895,0.011764705882352941,1.3881645032994904e-05,True
s__Flavobacterium_sp_9R,0.02404073777064956,0.0007811176470588236,-4.943797327298803,6.656261165553706e-06,0.15477145148356056,0.029411764705882353,1.3881645032994904e-05,True
s__Pseudoxanthomonas_kaohsiungensis,0.004340665597433842,6.847058823529412e-05,-5.9862859916277,6.782839872776625e-06,0.11868484362469928,0.0058823529411764705,1.4093233957880323e-05,True
s__Thiothrix_unzii,0.021274041700080196,6.841176470588235e-05,-8.280631883719403,6.9050381359502625e-06,0.12750601443464316,0.011764705882352941,1.4294193336782648e-05,True
s__Faecalibacterium_prausnitzii,0.2872804811547715,0.0406425294117647,-2.821397874390132,7.122915596628502e-06,0.17000801924619086,0.041176470588235294,1.4691013418046285e-05,True
s__GGB4559_SGB6293,0.004702221331194867,0.0,-25.48683914241235,8.036546645059409e-06,0.10665597433841219,0.0,1.6514661787100104e-05,True
s__GGB3304_SGB4367,0.025541700080192464,0.0003001764705882353,-6.410899374858106,8.097521992452772e-06,0.12590216519647154,0.011764705882352941,1.6579232984547465e-05,True
s__GGB1495_SGB2071,0.008371996792301524,0.0005067647058823529,-4.046183536175831,8.24285132796175e-06,0.11788291900561347,0.0058823529411764705,1.6815416709041968e-05,True
s__Flavobacterium_cheniae,0.013254779470729752,0.0002471176470588235,-5.745170244641722,8.616627423418413e-06,0.14274258219727345,0.023529411764705882,1.7514231828035252e-05,True
s__Mediterraneibacter_faecis,0.012882951082598236,0.00022329411764705886,-5.850373416662787,8.783600662844178e-06,0.14274258219727345,0.023529411764705882,1.778916957348586e-05,True
s__Roseburia_inulinivorans,0.007017008821170809,0.00026023529411764706,-4.752967097899667,9.29660570364471e-06,0.11627906976744186,0.0058823529411764705,1.876041654584418e-05,True
s__Blautia_sp_MCC283,0.0031121491579791495,0.0,-24.891407917524898,9.542436607528417e-06,0.10505212510024058,0.0,1.905091436591972e-05,True
s__GGB9347_SGB14313,0.007267514033680834,0.0,-26.11495863629323,9.542436607528417e-06,0.10505212510024058,0.0,1.905091436591972e-05,True
s__Epilithonimonas_xixisoli,0.004066816359262229,0.0,-25.277396545769555,9.542436607528417e-06,0.10505212510024058,0.0,1.905091436591972e-05,True
s__Coprococcus_eutactus,0.010089895749799519,0.0,-26.588336041793593,1.039667845016222e-05,0.10425020048115477,0.0,2.0682753938088673e-05,True
s__Alistipes_communis,0.007133135525260626,0.0036951176470588236,-0.9489160669664526,1.0639152106147328e-05,0.11627906976744186,0.0058823529411764705,2.1090333327027038e-05,True
s__Veillonella_parvula,0.0294507056936648,0.0003148823529411765,-6.547345034339438,1.0710903424065245e-05,0.11547714514835605,0.0058823529411764705,2.1157805707396486e-05,True
s__Laribacter_hongkongensis,0.006451058540497194,0.0,-25.94303259530113,1.1326361160370835e-05,0.10344827586206896,0.0,2.229504775778259e-05,True
s__Dorea_formicigenerans,0.006157177225340817,0.00012823529411764705,-5.585402699659549,1.1873919438309062e-05,0.1226944667201283,0.011764705882352941,2.329114966745239e-05,True
s__GGB9712_SGB15244,0.004782502004811548,0.0,-25.511262267722916,1.2338061381804791e-05,0.10264635124298316,0.0,2.3950356492400476e-05,True
s__Ruminococcus_torques,0.006428660785886126,0.0,-25.93801491428548,1.2338061381804791e-05,0.10264635124298316,0.0,2.3950356492400476e-05,True
s__GGB4689_SGB6486,0.005465364875701684,0.0,-25.703814506138556,1.2338062435479033e-05,0.10264635124298316,0.0,2.3950356492400476e-05,True
s__Enterococcus_aquimarinus,0.11248696872493986,0.018761823529411765,-2.5838859123351683,1.2593443236722847e-05,0.16920609462710506,0.37058823529411766,2.436179881310868e-05,True
s__Oscillospiraceae_bacterium_CLA_AA_H250,0.007897610264635126,0.0,-26.234912857171246,1.3438924512583548e-05,0.10184442662389735,0.0,2.5908029730444574e-05,True
s__Holdemanella_biformis,0.005217666399358461,0.00014441176470588235,-5.17514355121531,1.380003299301406e-05,0.11226944667201283,0.0058823529411764705,2.6513077085893453e-05,True
s__Tolumonas_auensis,0.013224330392943065,2.9411764705882355e-06,-12.134464665216315,1.3933136857206813e-05,0.11146752205292702,0.0058823529411764705,2.667743951158028e-05,True
s__GGB9715_SGB15260,0.0030833841218925414,0.0,-24.878011339735384,1.4636700264275484e-05,0.10104250200481155,0.0,2.7834545584404516e-05,True
s__GGB4554_SGB6285,0.0047744907778668804,0.0,-25.50884356549878,1.4636704006059415e-05,0.10104250200481155,0.0,2.7834545584404516e-05,True
s__Phocaeicola_massiliensis,0.012946118684843626,0.00031076470588235294,-5.380552708249546,1.4774938846475863e-05,0.11226944667201283,0.0058823529411764705,2.800250234078702e-05,True
s__Alistipes_SGB2313,0.007634514835605454,3.1176470588235293e-06,-11.257816894234825,1.5169546820684983e-05,0.11066559743384122,0.0058823529411764705,2.8653588439071634e-05,True
s__Blautia_obeum,0.006212285485164395,0.00012058823529411764,-5.686961888564971,1.5508302825207857e-05,0.12028869286287089,0.011764705882352941,2.9195160687723514e-05,True
s__Segatella_hominis,0.00458869286287089,0.017847235294117646,1.959545430560737,1.6539361493507653e-05,0.08420208500400962,0.18235294117647058,3.1032046146681586e-05,True
s__Desulfovibrio_sp_86,0.0023968885324779474,6.605882352941176e-05,-5.181265607629977,1.6700416802869348e-05,0.12028869286287089,0.011764705882352941,3.122977942136568e-05,True
s__GGB6601_SGB9333,0.0061275220529270254,0.0,-25.868800459111107,1.7357431595250644e-05,0.09943865276663993,0.0,3.2137026814969015e-05,True
s__GGB4569_SGB6312,0.004427834803528468,0.0,-25.400098094935075,1.7357431595250644e-05,0.09943865276663993,0.0,3.2137026814969015e-05,True
s__GGB9634_SGB15093,0.0046081876503608656,0.0,-25.45769616158997,1.7357431595250644e-05,0.09943865276663993,0.0,3.2137026814969015e-05,True
s__Ruminococcus_gnavus,0.03853446672012831,0.00808829411764706,-2.2522420469327913,1.8664529287509996e-05,0.08259823576583801,0.18235294117647058,3.444342411280628e-05,True
s__GGB4669_SGB6458,0.004233953488372093,0.0,-25.335502119151652,1.889945600268594e-05,0.09863672814755413,0.0,3.476260595903873e-05,True
s__Flavobacterium_sasangense,0.002400449077786688,0.00014976470588235293,-4.002533850342173,1.9702997179270094e-05,0.10986367281475541,0.0058823529411764705,3.612216149532851e-05,True
s__Candidatus_Saccharibacteria_bacterium_CAG1,0.0019561267040898154,0.0,-24.221496558889193,2.057667970170543e-05,0.09783480352846832,0.0,3.760103359171578e-05,True
s__Bilophila_wadsworthia,0.004511940657578187,0.0017303529411764704,-1.3826817064040111,2.101169694379965e-05,0.10986367281475541,0.0058823529411764705,3.827130514763508e-05,True
s__Dialister_succinatiphilus,0.005828628708901363,0.0,-25.796653192016734,2.2400818031257782e-05,0.09703287890938252,0.0,4.0407909905828426e-05,True
s__Brachymonas_chironomi,0.005113520449077787,0.0,-25.607813562003795,2.2400818031257782e-05,0.09703287890938252,0.0,4.0407909905828426e-05,True
s__GGB4644_SGB6428,0.005335469125902165,0.0,-25.66911181813175,2.2400819929969056e-05,0.09703287890938252,0.0,4.0407909905828426e-05,True
s__Schaalia_sp_JY_X169,0.02093392141138733,0.00018947058823529412,-6.787724108188953,2.3348708997315766e-05,0.15637530072173217,0.041176470588235294,4.1982774831712e-05,True
s__Lactococcus_chungangensis,0.03388469927826784,0.0002633529411764706,-7.007492042138176,2.4360930799400284e-05,0.13311948676824378,0.023529411764705882,4.3427759492216435e-05,True
s__Microbacterium_lacticum,0.008997153167602245,0.0,-26.4229652638345,2.438456257912826e-05,0.09623095429029671,0.0,4.3427759492216435e-05,True
s__GGB4611_SGB6385,0.004227987169206094,0.0,-25.333467696873267,2.438457083787554e-05,0.09623095429029671,0.0,4.3427759492216435e-05,True
s__Zoogloea_ramigera,0.007129470729751403,0.00019411764705882349,-5.198791073155841,2.510131260746335e-05,0.1339214113873296,0.023529411764705882,4.4562773331604236e-05,True
s__Desulfovibrio_desulfuricans,0.002655629510825982,0.0,-24.6625506076256,2.654172150431566e-05,0.0954290296712109,0.0,4.682361887323187e-05,True
s__GGB8177_SGB12496,0.0016899999999999999,0.0,-24.010519996085563,2.6541730484291866e-05,0.0954290296712109,0.0,4.682361887323187e-05,True
s__Ruminococcus_bovis,0.0038692702485966326,0.00012511764705882354,-4.9507031892850675,2.7660271521811334e-05,0.10585404971932638,0.0058823529411764705,4.8643925779737174e-05,True
s__Catenibacterium_tridentinum,0.027139478748997595,0.0003742352941176471,-6.180303196152467,2.8126045897507652e-05,0.14033680834001605,0.029411764705882353,4.93084742140681e-05,True
s__GGB9691_SGB15198,0.0036748195669607056,0.0,-25.13117011906805,2.8887274620907693e-05,0.0946271050521251,0.0,5.017264334665877e-05,True
s__GGB9715_SGB15267,0.004944089815557337,0.0,-25.559201645226697,2.8887277061764705e-05,0.0946271050521251,0.0,5.017264334665877e-05,True
s__Rhodoferax_sp_U2_2l,0.003535469125902165,0.0,-25.075398365797238,2.8887279502621714e-05,0.0946271050521251,0.0,5.017264334665877e-05,True
s__Oliverpabstia_intestinalis,0.004341387329591018,0.00013794117647058824,-4.976030048462425,3.0303952811979795e-05,0.10505212510024058,0.0058823529411764705,5.247073310963168e-05,True
s__Fluviibacter_phosphoraccumulans,0.00585739374498797,0.0004881176470588235,-3.5849577914805066,3.0485906898125936e-05,0.10585404971932638,0.0058823529411764705,5.2623365445688157e-05,True
s__Aliarcobacter_cryaerophilus,1.81849764234162,0.003042411764705883,-9.223315869830284,3.1162739759694986e-05,0.1996792301523657,0.08235294117647059,5.3626677930027265e-05,True
s__Parasutterella_excrementihominis,0.003755709703287891,0.002883764705882353,-0.3811320868945938,3.205493506131299e-05,0.10585404971932638,0.0058823529411764705,5.4993328958399346e-05,True
s__Sanguibacter_inulinus,0.0304657016840417,0.003597176470588235,-3.082249091246865,3.242732753145254e-05,0.044105854049719326,0.12352941176470589,5.546259373519779e-05,True
s__Roseburia_faecis,0.023050328789093827,0.0004979411764705883,-5.5326679138973045,3.368326764771921e-05,0.13151563753007217,0.023529411764705882,5.743560228076133e-05,True
s__Faecalibacterium_sp_CLA_AA_H233,0.006102502004811549,0.0,-25.86289755181742,3.420992437517587e-05,0.09302325581395349,0.0,5.815687143779897e-05,True
s__Oscillibacter_sp_MSJ_31,0.007805621491579792,4.017647058823529e-05,-7.602015290847728,3.638573851840704e-05,0.10264635124298316,0.0058823529411764705,6.166888008708866e-05,True
s__Clostridiaceae_unclassified_SGB15090,0.013670056134723335,0.0,-27.026443936892147,3.7223801713980535e-05,0.09222133119486768,0.0,6.271036865328252e-05,True
s__GGB6612_SGB9346,0.0032585244587008825,0.0,-24.957715532445718,3.7223801713980535e-05,0.09222133119486768,0.0,6.271036865328252e-05,True
s__Klebsiella_grimontii,0.06694480352846831,0.00012435294117647057,-9.072386474665354,3.8938079627653205e-05,0.10264635124298316,0.0058823529411764705,6.540198404524985e-05,True
s__GGB71899_SGB98917,0.003932686447473937,0.0,-25.22901186589377,4.049986900799074e-05,0.09141940657578188,0.0,6.741968026525137e-05,True
s__Klebsiella_michiganensis,0.009821066559743385,0.0,-26.549376387443104,4.049987582427928e-05,0.09141940657578188,0.0,6.741968026525137e-05,True
s__GGB3619_SGB4894,0.002986992782678428,0.0,-24.83219046425168,4.0499879232423724e-05,0.09141940657578188,0.0,6.741968026525137e-05,True
s__Acinetobacter_junii,0.14665739374498798,0.16077429411764707,0.13258694870473314,4.0806927452508275e-05,0.1892542101042502,0.06470588235294118,6.772984112679628e-05,True
s__GGB9762_SGB15377,0.0025960384923817163,0.0,-24.629808494630204,4.4060686707870006e-05,0.09061748195669607,0.0,7.291458773780257e-05,True
s__Segatella_sinensis,0.03488639133921411,0.0020644117647058823,-4.078861644084499,4.637898641523212e-05,0.15316760224538895,0.041176470588235294,7.652532758513299e-05,True
s__Arcobacter_acticola,0.20620486768243787,0.0005495882352941177,-8.551511290717759,4.6732000968447225e-05,0.17080994386527668,0.058823529411764705,7.688167901260673e-05,True
s__Desulfovibrio_cuneatus,0.0009555092221331196,0.0,-23.187838517806462,4.793068317902418e-05,0.08981555733761026,0.0,7.816605318741814e-05,True
s__Thermomonas_carbonis,0.0010670088211708099,0.0,-23.347068902674796,4.793069928069847e-05,0.08981555733761026,0.0,7.816605318741814e-05,True
s__GGB4699_SGB6502,0.004076495589414595,0.0,-25.280826153688707,4.793069928069847e-05,0.08981555733761026,0.0,7.816605318741814e-05,True
s__Clostridiaceae_bacterium_Marseille_Q4149,0.006116936647955093,0.005332470588235294,-0.1980052276809782,4.879453869364513e-05,0.10184442662389735,0.0058823529411764705,7.934416291923164e-05,True
s__Vescimonas_coprocola,0.0048945709703287895,0.00018658823529411764,-4.71325173358744,5.121989098225781e-05,0.10024057738572574,0.0058823529411764705,8.3047279887418e-05,True
s__Bifidobacterium_angulatum,0.0017495910184442659,0.0,-24.060514466088247,5.213643341540724e-05,0.08901363271852446,0.0,8.404754038513264e-05,True
s__Mitsuokella_multacida,0.0031063352044907776,0.0,-24.888710229937075,5.2136442164039503e-05,0.08901363271852446,0.0,8.404754038513264e-05,True
s__Methanothrix_soehngenii,0.013096567762630311,0.0001124705882352941,-6.863495913125093,5.2843494086336266e-05,0.11788291900561347,0.01764705882352941,8.494326699838007e-05,True
s__Collinsella_aerofaciens,0.025333231756214915,0.001413823529411765,-4.163357074587433,5.330639691554358e-05,0.15878107457898957,0.047058823529411764,8.5442539056057e-05,True
s__Dysgonomonas_mossii,0.0027980192461908577,0.0,-24.737902601895446,5.670671856133304e-05,0.08821170809943865,0.0,8.986574702232134e-05,True
s__GGB87445_SGB15180,0.0025624298315958297,0.0,-24.611009219572527,5.67067233144469e-05,0.08821170809943865,0.0,8.986574702232134e-05,True
s__Veillonella_dispar,0.0022749318364073783,0.0,-24.43932004623651,5.67067233144469e-05,0.08821170809943865,0.0,8.986574702232134e-05,True
s__Pseudomonas_luteola,0.8522788933440256,0.0,-32.98867845855602,5.670672806756106e-05,0.08821170809943865,0.0,8.986574702232134e-05,True
s__Catenibacterium_mitsuokai,0.004146511627906977,0.0002398235294117647,-4.111852455687259,5.725166296549513e-05,0.09943865276663993,0.0058823529411764705,9.047375471448667e-05,True
s__Prevotella_herbatica,0.002540850040096231,0.00010647058823529412,-4.576783076352648,5.744955639533219e-05,0.09943865276663993,0.0058823529411764705,9.053146387017235e-05,True
s__Moraxella_porci,0.005964450681635927,1.9411764705882353e-06,-11.585167985652983,6.016211192995213e-05,0.09783480352846832,0.0058823529411764705,9.454046160421049e-05,True
s__Bacteroides_intestinalis,0.002225629510825982,0.0,-24.407710183627234,6.167277985506094e-05,0.08740978348035285,0.0,9.637445542810359e-05,True
s__GGB3281_SGB4335,0.003123095429029671,0.0,-24.896473363300903,6.167277985506094e-05,0.08740978348035285,0.0,9.637445542810359e-05,True
s__Paraprevotella_clara,0.004186206896551724,0.004292,0.036006459004210456,6.27205201146604e-05,0.09943865276663993,0.0058823529411764705,9.773947717867913e-05,True
s__Acidovorax_sp_KKS102,0.08613388933440257,0.023308823529411767,-1.8857047835351102,7.160612215222577e-05,0.19165998396150763,0.07058823529411765,0.0001112771039540129,True
s__GGB4567_SGB6307,0.002735060144346431,0.0,-24.705069275387544,7.293066958362533e-05,0.08580593424218123,0.0,0.00011302239126081162,True
s__Ruthenibacterium_lactatiformans,0.0035697754611066558,0.0036028823529411762,0.013318211400510397,7.411733148456421e-05,0.09783480352846832,0.0058823529411764705,0.00011454496683978105,True
s__Acidovorax_SGB22469,0.003794667201283079,0.0,-25.177470066629688,7.929914131286431e-05,0.08500400962309543,0.0,0.00012221653372669473,True
s__Lysobacter_sp_HDW10,0.0026422052927024863,0.0005127058823529412,-2.3655389827240385,7.973633236959475e-05,0.09703287890938252,0.0058823529411764705,0.0001225536505735415,True
s__Sutterella_wadsworthensis,0.009276054530874097,0.008355470588235294,-0.15079021486150115,8.042242247039364e-05,0.09703287890938252,0.0058823529411764705,0.00012327043444232468,True
s__Ottowia_oryzae,0.001865998396150762,0.0,-24.153444487702004,8.62171931679908e-05,0.08420208500400962,0.0,0.00013179249418867258,True
s__Acinetobacter_pullicarnis,0.003925396952686448,6.705882352941176e-06,-9.193174187572739,9.285984222211345e-05,0.09382518043303929,0.0058823529411764705,0.0001415607920831675,True
s__Aeromonas_salmonicida,0.027045533279871685,0.0001084705882352941,-7.961941300293787,9.460667300285709e-05,0.10344827586206896,0.011764705882352941,0.00014383290936206727,True
s__Tessaracoccus_flavescens,0.007054194065757819,0.0011008235294117645,-2.6798979430612793,9.493086461303059e-05,0.12510024057738572,0.023529411764705882,0.00014388188414710942,True
s__GGB9730_SGB15291,0.0036872093023255816,0.004156823529411764,0.17295218526220227,9.515183425771407e-05,0.0954290296712109,0.0058823529411764705,0.00014388188414710942,True
s__GGB4699_SGB6503,0.0024655894145950282,0.0,-24.55542929584514,0.00010189373748284551,0.08259823576583801,0.0,0.00015366232991364606,True
s__GGB4579_SGB6329,0.00253738572574178,0.0,-24.596839571300688,0.00011075828839232379,0.0817963111467522,0.0,0.00016613748787292114,True
s__GGB9767_SGB15385,0.002623953488372093,0.0,-24.645238866477907,0.00011075832524861409,0.0817963111467522,0.0,0.00016613748787292114,True
s__GGB4578_SGB6328,0.0017860224538893345,0.0,-24.090246963135872,0.00012038536288616213,0.0809943865276664,0.0,0.00018009650287769855,True
s__Ruminococcus_lactaris,0.002252373696872494,8.141176470588235e-05,-4.790063398600016,0.00012651074639139762,0.09141940657578188,0.0058823529411764705,0.00018875672533397357,True
s__Bifidobacterium_thermophilum,0.04518960705693664,0.0,-28.751415774501204,0.00013083981707239978,0.08019246190858059,0.0,0.00019469797712895563,True
s__Roseburia_hominis,0.006213712910986368,0.0011418235294117648,-2.4441157865783674,0.00013194334577905996,0.10184442662389735,0.011764705882352941,0.0001958206798467001,True
s__Segatella_brunsvicensis,0.016319911788291903,0.0008355882352941177,-4.28769710524205,0.00013702535736200586,0.12670408981555734,0.029411764705882353,0.0002028264524540509,True
s__Bacteroides_stercoris,0.023511724137931036,0.08077841176470589,1.78058943911175,0.00013800714286187426,0.14113873295910184,0.03529411764705882,0.00020374212406713542,True
s__Anaeroarcus_burkinensis,0.0006043303929430632,0.0,-22.526906307833478,0.0001421921064569456,0.07939053728949479,0.0,0.0002088214439205433,True
s__GGB3653_SGB4964,0.0031244747393744986,0.0,-24.89711038669058,0.0001421921418496391,0.07939053728949479,0.0,0.0002088214439205433,True
s__Kaistella_chaponensis,0.014865918203688855,0.0,-27.14743334385526,0.00015451860963241055,0.07858861267040898,0.0,0.00022633143604120713,True
s__Segatella_copri,0.47177855653568557,0.11087947058823529,-2.089117570904388,0.00016039366132830694,0.23656776263031276,0.4470588235294118,0.00023432511459682342,True
s__GGB4676_SGB6465,0.0020799358460304733,0.0,-24.310035763843715,0.00016790208716791478,0.07778668805132317,0.0,0.00024402349974404194,True
s__GGB14982_SGB22687,0.003337177225340818,0.0,-24.992125012281925,0.00016790208716791478,0.07778668805132317,0.0,0.00024402349974404194,True
s__Oscillibacter_valericigenes,0.004950200481154771,0.0006371176470588236,-2.957855054383318,0.00018148636453964073,0.08901363271852446,0.0058823529411764705,0.0002630848850303319,True
s__Eubacterium_siraeum,0.003807209302325581,0.0,-25.18223058672228,0.00018243237596779683,0.07698476343223737,0.0,0.00026377464669570625,True
s__Gemmobacter_aquaticus,0.0008151323175621492,5.1000000000000006e-05,-3.9984624619462266,0.00018953310538001868,0.08821170809943865,0.0058823529411764705,0.0002733369463192557,True
s__GGB3267_SGB4317,0.0020091259021651963,0.0,-24.260064709615996,0.0002153310072985021,0.07538091419406576,0.0,0.0003097453720370761,True
s__Pseudomonas_fragi,0.14154487570168403,0.003192529411764706,-5.470415755339945,0.00022849505761600002,0.06976744186046512,0.1588235294117647,0.00032784073484034784,True
s__GGB9770_SGB15390,0.0012971692060946272,0.0,-23.62886345615446,0.00023391945878171143,0.07457898957497995,0.0,0.00033391556329908425,True
s__GGB4642_SGB6422,0.002728155573376103,0.0,-24.70142263364688,0.00023391945878171143,0.07457898957497995,0.0,0.00033391556329908425,True
s__Massilia_timonae,0.8284428628708902,0.00017235294117647057,-12.230819728695836,0.0002393489057631155,0.0946271050521251,0.011764705882352941,0.00034079882267286246,True
s__Anaerobutyricum_soehngenii,0.0029526864474739376,0.0003212352941176471,-3.2003254457103805,0.0002519102528904962,0.08580593424218123,0.0058823529411764705,0.0003577763338520718,True
s__Lentihominibacter_faecis,0.001187113071371291,0.0,-23.500954142572375,0.0002540963034724955,0.07377706495589414,0.0,0.00035996976325270195,True
s__Agathobaculum_butyriciproducens,0.0019724619085805936,0.0012524117647058823,-0.655288431877688,0.0002566481326589243,0.08580593424218123,0.0058823529411764705,0.00036266902373213234,True
s__Ruminococcus_bicirculans,0.00543056936647955,0.00034676470588235295,-3.969074103472336,0.00027058339908929326,0.0946271050521251,0.011764705882352941,0.00038140021831430533,True
s__Roseburia_intestinalis,0.0019455092221331196,0.0,-24.213644557379155,0.00027599615001077917,0.07297514033680834,0.0,0.0003870846322940632,True
s__GGB4723_SGB6540,0.0016956535685645551,0.0,-24.015338198695837,0.0002759961727586903,0.07297514033680834,0.0,0.0003870846322940632,True
s__Blautia_wexlerae,0.0487167522052927,0.0022660000000000002,-4.4261981294715405,0.0002816186985610084,0.16920609462710506,0.07058823529411765,0.00039398526157786957,True
s__Roseburia_sp_AF02_12,0.0026110505212510026,5.523529411764706e-05,-5.562893594252703,0.0002852346725633589,0.08340016038492382,0.0058823529411764705,0.00039805137141304557,True
s__GGB9760_SGB15373,0.0017982919005613469,5.441176470588235e-05,-5.046562218877254,0.00028865558764226956,0.08340016038492382,0.0058823529411764705,0.0004018257684052437,True
s__Bacteroides_luti,0.002799077786688051,0.0,-24.738448295879504,0.0002997649029652975,0.07217321571772253,0.0,0.0004142072371017728,True
s__GGB4588_SGB6347,0.0018830954290296712,0.0,-24.166602853628117,0.0002997649276531645,0.07217321571772253,0.0,0.0004142072371017728,True
s__Comamonas_suwonensis,0.0038684282277465917,0.0,-25.205244208794618,0.00029976495234103345,0.07217321571772253,0.0,0.0004142072371017728,True
s__Bacteroides_finegoldii,0.001750673616680032,0.0008089411764705882,-1.113803343386478,0.0003024866216634236,0.08420208500400962,0.0058823529411764705,0.0004169410190495839,True
s__Acinetobacter_radioresistens,0.6200299117882919,0.00019529411764705883,-11.632472867339242,0.0003054204930055055,0.09222133119486768,0.011764705882352941,0.00041995317788257004,True
s__Stenotrophomonas_rhizophila,1.0132963271852446,0.001677,-9.238957645754603,0.00031195131072352,0.10184442662389735,0.01764705882352941,0.00042788431617578164,True
s__Kocuria_massiliensis,1.7414027826784282,0.0,-34.019530882769615,0.0003255594911732627,0.07137129109863673,0.0,0.00044222687945319895,True
s__Pseudomonas_anguilliseptica,0.001179943865276664,0.0,-23.492215012835107,0.0003255608575631352,0.07137129109863673,0.0,0.00044222687945319895,True
s__GGB1146_SGB1472,0.0014582117080994385,0.0,-23.797696953355782,0.0003255609647311429,0.07137129109863673,0.0,0.00044222687945319895,True
s__GGB9690_SGB15196,0.0012945709703287892,0.0,-23.62597083377276,0.0003255609647311429,0.07137129109863673,0.0,0.00044222687945319895,True
s__Lachnospira_pectinoschiza,0.00803216519647153,0.0016139411764705882,-2.3152008724071838,0.000336597911745352,0.09302325581395349,0.011764705882352941,0.000456114561567977,True
s__Erysipelothrix_aquatica,0.0037700962309542897,0.0,-25.1680980509454,0.000353555777579539,0.07056936647955092,0.0,0.0004767903635147148,True
s__GGB4266_SGB5805,0.002108524458700882,0.0,-24.329730489485037,0.000353555777579539,0.07056936647955092,0.0,0.0004767903635147148,True
s__Thiothrix_litoralis,0.002198724939855654,0.0,-24.39016386438479,0.000383935440940528,0.06976744186046512,0.0,0.0005165174637113578,True
s__GGB4580_SGB6330,0.0010649879711307137,0.0,-23.34433393521012,0.0004169016833080888,0.06896551724137931,0.0,0.0005581906051096561,True
s__Thermomonas_beijingensis,0.002130890136327185,0.0,-24.34495294499763,0.0004169017175417931,0.06896551724137931,0.0,0.0005581906051096561,True
s__Clostridium_fessum,0.002363287890938252,0.00021741176470588234,-3.4422928681666773,0.00043023467631579865,0.08019246190858059,0.0058823529411764705,0.0005746706033646739,True
s__GGB9635_SGB15103,0.0011232076984763432,0.0,-23.421121521690374,0.00045267319671997116,0.0681635926222935,0.0,0.0006032058512111729,True
s__Fusicatenibacter_saccharivorans,0.023629278267842824,0.001960294117647059,-3.5914334627848152,0.0004539604723429989,0.15236567762630313,0.058823529411764705,0.0006034877369299109,True
s__Pantoea_sp_EnvD,0.9529368163592621,0.0009918823529411766,-9.907995687182423,0.00048492207286589327,0.08821170809943865,0.011764705882352941,0.0006431236001838442,True
s__GGB4604_SGB6371,0.0012502325581395348,0.0,-23.575693257907606,0.0004914872571322419,0.0673616680032077,0.0,0.0006502932812528012,True
s__Bacteroides_uniformis,0.15940126704089813,0.06617835294117647,-1.2682318045672687,0.0005237524095395726,0.2028869286287089,0.10588235294117647,0.0006913531805922358,True
s__Lysobacter_lycopersici,0.0007098235765838012,0.0,-22.75902926646232,0.0005336008222973574,0.06655974338412189,0.0,0.0006994162030381427,True
s__Clostridium_SGB4909,0.0013491419406575782,0.0,-23.68553891061827,0.0005336008660237406,0.06655974338412189,0.0,0.0006994162030381427,True
s__GGB1550_SGB2134,0.0013454049719326382,0.0,-23.681537266201836,0.0005336009534765153,0.06655974338412189,0.0,0.0006994162030381427,True
s__GGB4664_SGB6452,0.0016242101042502003,0.0,-23.95323502149115,0.0005792930299918731,0.06575781876503609,0.0,0.000752276426942371,True
s__Enterococcus_faecalis,0.22149048115477143,0.0,-31.044597553030126,0.0005792930774315584,0.06575781876503609,0.0,0.000752276426942371,True
s__GGB34797_SGB14322,0.0018177786688051325,0.0,-24.115673292473456,0.0005792930774315584,0.06575781876503609,0.0,0.000752276426942371,True
s__Pseudomonas_lundensis,0.03297117080994387,0.0,-28.29662988165386,0.0005792930774315584,0.06575781876503609,0.0,0.000752276426942371,True
s__GGB13489_SGB15224,0.0011682518043303928,0.0,-23.477848053107614,0.0006288659200976395,0.06495589414595028,0.0,0.000811020319357019,True
s__Selenomonas_bovis,0.0012452365677626304,0.0,-23.569916628961685,0.0006288659715642392,0.06495589414595028,0.0,0.000811020319357019,True
s__GGB1497_SGB2076,0.0009114514835605452,0.0,-23.119734591455515,0.0006288660230308437,0.06495589414595028,0.0,0.000811020319357019,True
s__Ottowia_testudinis,9.5028067361668e-05,0.0,-19.857995681457147,0.0006826470917890326,0.06415396952686447,0.0,0.0008743500724202123,True
s__Dermacoccus_nishinomiyaensis,0.12107093825180433,0.0,-30.17320545867679,0.0006826476501248716,0.06415396952686447,0.0,0.0008743500724202123,True
s__Akkermansia_sp_KLE1798,0.0007260384923817162,0.0,-22.79161480564154,0.0006826476501248716,0.06415396952686447,0.0,0.0008743500724202123,True
s__GGB9342_SGB14306,0.00932485966319166,2.0529411764705882e-05,-8.827238901068341,0.0007012725927112214,0.07457898957497995,0.0058823529411764705,0.0008961592813462305,True
s__Ligilactobacillus_ruminis,0.001989823576583801,1.7588235294117647e-05,-6.821877844622024,0.000707218375932873,0.07457898957497995,0.0058823529411764705,0.0009017034293144129,True
s__Stenotrophomonas_koreensis,0.0015445469125902164,0.0001838823529411765,-3.0703280624135787,0.0007323817855844153,0.08500400962309543,0.011764705882352941,0.0009316693462876576,True
s__Pseudomonas_viridiflava,0.36569855653568567,0.0005083529411764705,-9.490608448861646,0.0007351772284805928,0.07457898957497995,0.0058823529411764705,0.0009331095592253677,True
s__GGB6613_SGB9347,0.0010065757818765037,0.0,-23.26295259978961,0.0008042890065387008,0.06255012028869286,0.0,0.001013946448379172,True
s__GGB61782_SGB83906,0.0023625741780272653,0.0,-24.49385635179161,0.0008042890722437282,0.06255012028869286,0.0,0.001013946448379172,True
s__Simplicispira_psychrophila,0.0006081154771451483,0.0,-22.535914114584767,0.0008042890722437282,0.06255012028869286,0.0,0.001013946448379172,True
s__GGB1458_SGB2021,0.00043194867682437853,0.005432823529411765,3.65277006839314,0.0008199739900016078,0.05132317562149158,0.11176470588235295,0.0010314022609661478,True
s__Flavobacterium_solisilvae,0.0006302165196471532,1.3764705882352941e-05,-5.516791630998504,0.0008350259170352106,0.07297514033680834,0.0058823529411764705,0.0010479855468831167,True
s__Bradyrhizobium_SGB11337,0.1356328067361668,0.0013152352941176472,-6.688241340425325,0.0008650618755206377,0.07297514033680834,0.0058823529411764705,0.0010832582860872272,True
s__Candidatus_Kaistella_beijingensis,0.01654000801924619,0.0003194705882352941,-5.694132563993436,0.0008722530780654572,0.09302325581395349,0.01764705882352941,0.0010834653102353511,True
s__Flavimobilis_soli,0.0002139775461106656,0.0,-21.029028657867546,0.000872952157373811,0.061748195669607056,0.0,0.0010834653102353511,True
s__Kluyvera_ascorbata,0.0017736647955092222,0.0,-24.080230126356483,0.0008729522999225306,0.061748195669607056,0.0,0.0010834653102353511,True
s__Oscillospiraceae_unclassified_SGB15256,0.0006584121892542101,0.0,-22.650559833213485,0.0008729524424712633,0.061748195669607056,0.0,0.0010834653102353511,True
s__Rivicola_pingtungensis,0.10795360064153968,0.000692,-7.285423402895135,0.0008960968378269266,0.07297514033680834,0.0058823529411764705,0.0011097358190306974,True
s__Citrobacter_braakii,0.008115412991178829,0.0007920588235294118,-3.3569848671587335,0.0009281610588346751,0.07297514033680834,0.0058823529411764705,0.0011469126740225831,True
s__Acidovorax_sp_210_6,0.06055413793103448,0.005469411764705882,-3.468767940394964,0.0009467632254026675,0.1491579791499599,0.058823529411764705,0.0011554615125078302,True
s__Pseudoxanthomonas_yeongjuensis,0.00028514033680834003,0.0,-21.4432412169694,0.0009474367061344266,0.06094627105052125,0.0,0.0011554615125078302,True
s__Veillonella_atypica,0.0008951724137931034,0.0,-23.0937343084723,0.0009474371700185812,0.06094627105052125,0.0,0.0011554615125078302,True
s__GGB6606_SGB9340,0.0012249238171611867,0.0,-23.546188807118533,0.0009474372473326238,0.06094627105052125,0.0,0.0011554615125078302,True
s__GGB23787_SGB63754,0.01586803528468324,0.0,-27.241548278814097,0.0009474372473326238,0.06094627105052125,0.0,0.0011554615125078302,True
s__GGB4558_SGB6289,0.0011678588612670407,0.0,-23.477362719108665,0.0009474372473326238,0.06094627105052125,0.0,0.0011554615125078302,True
s__Cloacibacterium_caeni,1.774003728949479,0.04391694117647059,-5.3360876549019896,0.0009741627520900045,0.35445068163592625,0.3058823529411765,0.0011854778826952115,True
s__GGB4687_SGB6484,0.0016664073777064956,0.00030476470588235296,-2.4509730026250023,0.0010168085832166142,0.07217321571772253,0.0058823529411764705,0.0012346961367630314,True
s__Alistipes_ihumii,0.0015961988773055332,0.0003741764705882353,-2.0928493739063834,0.0010253278554207248,0.07217321571772253,0.0058823529411764705,0.0012423518939331027,True
s__Faecalicatena_fissicatena,0.0008026303127506015,0.0,-22.936304392141803,0.0010282348822088423,0.060144346431435444,0.0,0.0012431891571533633,True
s__GGB9707_SGB15229,0.0006308259823576583,0.0,-22.588810880863708,0.0011158790345149909,0.05934242181234964,0.0,0.0013433653228061733,True
s__GGB1632_SGB2240,0.00129654370489174,0.0,-23.6281676139681,0.0011158792164486216,0.05934242181234964,0.0,0.0013433653228061733,True
s__Delftia_acidovorans,0.06608040096230954,0.08930276470588236,0.4344823988072053,0.0011812395924786759,0.04731355252606255,0.10588235294117647,0.001419005163555754,True
s__GGB9636_SGB15107,0.0006577866880513232,0.0,-22.649188600598343,0.0012109484687812034,0.05854049719326383,0.0,0.0014515856645005451,True
s__Stenotrophomonas_maltophilia,1.7621826383319972,0.17113805882352942,-3.3641309200757044,0.0012230272823152376,0.10104250200481155,0.19411764705882353,0.001462938817438909,True
s__GGB9328_SGB14291,0.000529214113873296,0.0,-22.335420380013193,0.0013140700809864667,0.057738572574178026,0.0,0.0015487258309976118,True
s__Oscillospiraceae_bacterium,0.0005652044907778669,0.0,-22.430341753087966,0.0013140701880104961,0.057738572574178026,0.0,0.0015487258309976118,True
s__GGB3109_SGB4121,0.0010469125902165196,0.0,-23.319637794499428,0.0013140702950345362,0.057738572574178026,0.0,0.0015487258309976118,True
s__Ellagibacter_isourolithinifaciens,0.0006617401764234163,0.0,-22.65783366031605,0.0013140702950345362,0.057738572574178026,0.0,0.0015487258309976118,True
s__Blautia_SGB4815,0.0007156214915797915,0.0,-22.770765486053232,0.0013140704020585797,0.057738572574178026,0.0,0.0015487258309976118,True
s__Dialister_SGB5820,0.0007719406575781876,0.0,-22.880058701755722,0.0013140704020585797,0.057738572574178026,0.0,0.0015487258309976118,True
s__GGB1266_SGB1699,0.0018334803528468324,0.0,-24.128081549442317,0.0013140704020585797,0.057738572574178026,0.0,0.0015487258309976118,True
s__Wujia_chipingensis,0.001150673616680032,0.00015764705882352943,-2.8677077284342674,0.0013853071515849223,0.06896551724137931,0.0058823529411764705,0.0016292606122413865,True
s__Lachnospiraceae_bacterium_OM04_12BH,0.0006736487570168404,0.0,-22.683565344337485,0.0014259254916025213,0.05693664795509222,0.0,0.0016630857919175002,True
s__Desulfovibrio_piger,0.0007715878107457898,0.0,-22.87939910871465,0.0014259256076868407,0.05693664795509222,0.0,0.0016630857919175002,True
s__Prevotella_marseillensis,0.0015498957497995186,0.0,-23.885667936468387,0.0014259256076868407,0.05693664795509222,0.0,0.0016630857919175002,True
s__Kluyvera_intermedia,0.012387072975140337,0.0,-26.884260094372078,0.0014259256076868407,0.05693664795509222,0.0,0.0016630857919175002,True
s__Comamonas_aquatica,0.023933728949478747,0.00019,-6.976901208700701,0.001436013796832971,0.0681635926222935,0.0058823529411764705,0.0016713770539902423,True
s__Parasutterella_SGB9260,0.001289775461106656,0.008839588235294116,2.7768591455659637,0.0015425792478079828,0.0681635926222935,0.0058823529411764705,0.001791691424472626,True
s__Lactococcus_raffinolactis,0.6368348195669606,0.0032633529411764707,-7.60842033703228,0.0015976976916971582,0.16840417000801924,0.08823529411764706,0.0018518768699217062,True
s__Lachnospira_sp_NSJ_43,0.002703416198877306,0.0006055882352941176,-2.1583743676454565,0.001650458029340439,0.0673616680032077,0.0058823529411764705,0.0019090865040412089,True
s__Acinetobacter_albensis,0.032688340016038486,0.007568823529411766,-2.1106351257274585,0.0016964858890669025,0.08740978348035285,0.17058823529411765,0.001958289267009326,True
s__Trichococcus_shcherbakoviae,0.03536045709703288,0.0020231764705882353,-4.127442788156531,0.0017281963457989329,0.14995990376904572,0.07058823529411765,0.0019907970225733086,True
s__Eubacterium_ventriosum,0.00121841218925421,2.7411764705882353e-05,-5.474058116662473,0.001755669451314108,0.06575781876503609,0.0058823529411764705,0.0020183003323508493,True
s__Pseudomonas_carnis,0.01608765036086608,0.0018910588235294117,-3.0886874193603715,0.0017658181786877475,0.06655974338412189,0.0058823529411764705,0.0020258159473288883,True
s__Clostridiales_bacterium_KLE1615,0.004623071371291099,5.941176470588235e-05,-6.281956786353351,0.00192294326996378,0.07457898957497995,0.011764705882352941,0.002201573825407511,True
s__Microbacterium_aurum,0.002259077786688051,5.994117647058823e-05,-5.236040394576226,0.0020493426190879025,0.07457898957497995,0.011764705882352941,0.002341509591259294,True
s__Segatella_brasiliensis,0.006927217321571772,0.0015708235294117647,-2.140754750494567,0.002170154043384333,0.11066559743384122,0.03529411764705882,0.0024745049153223797,True
s__Micrococcus_luteus,1.6731772894947876,0.012350941176470589,-7.08182551588216,0.002330537973625633,0.23175621491579793,0.15294117647058825,0.0026519914872291687,True
s__GGB9699_SGB15216,0.0019276663993584603,0.0005269411764705883,-1.8711413774542547,0.0024837419255578363,0.06335204490777867,0.0058823529411764705,0.0028206057089836963,True
s__Paracoccus_lutimaris,0.00014840417000801928,0.00044088235294117647,1.5708614560914285,0.0025043307923059226,0.06335204490777867,0.0058823529411764705,0.002838241564613379,True
s__Staphylococcus_epidermidis,0.5880646271050521,0.0005280588235294117,-10.121060076033515,0.002859209961793555,0.11146752205292702,0.041176470588235294,0.00323390481565763,True
s__Pseudescherichia_vulneris,0.1969563913392141,4.623529411764706e-05,-12.056590927761386,0.0030943613729538188,0.060144346431435444,0.0058823529411764705,0.0034928304431128617,True
s__Acinetobacter_sp_A3_8,0.0014036086607858863,0.0003297647058823529,-2.089631517015975,0.003250561309100339,0.08019246190858059,0.01764705882352941,0.003661776896396165,True
s__Bacteroides_faecis,0.001122550120288693,0.0014567058823529411,0.37592972783456885,0.003456562796970322,0.060144346431435444,0.0058823529411764705,0.0038860355292592193,True
s__GGB75646_SGB103098,0.011972975140336807,0.0006894117647058823,-4.118271763472449,0.003966648085731328,0.08660785886126704,0.023529411764705882,0.004450579152190551,True
s__Alistipes_indistinctus,0.0007990136327185245,3.7588235294117645e-05,-4.409863371018849,0.00402594740059807,0.057738572574178026,0.0058823529411764705,0.004508096789891252,True
s__Citrobacter_portucalensis,0.009697626303127505,0.0006951176470588235,-3.802302391631249,0.00413469951298512,0.07778668805132317,0.01764705882352941,0.004620650252559068,True
s__Bacteroides_clarus,0.0011634963913392143,0.0029096470588235294,1.3223773537982417,0.004400115812488329,0.057738572574178026,0.0058823529411764705,0.004907485031423364,True
s__Streptococcus_parasanguinis,0.005536856455493184,4.6e-05,-6.911286338463646,0.004528266114355156,0.06655974338412189,0.011764705882352941,0.005040391448716751,True
s__Adlercreutzia_equolifaciens,0.0006476102646351242,0.00017776470588235294,-1.8651563496227075,0.00470640249521137,0.05693664795509222,0.0058823529411764705,0.005228300593690256,True
s__Alistipes_dispar,0.0008835525260625502,0.0038462941176470584,2.1220811520305447,0.005103082466070592,0.06655974338412189,0.011764705882352941,0.0056577653428173955,True
s__Acidovorax_sp_MR_S7,0.00047846832397754614,0.006388647058823528,3.739014838827669,0.005503837919952488,0.07538091419406576,0.01764705882352941,0.006090045509059854,True
s__Klebsiella_quasipneumoniae,0.004637161186848436,0.001579058823529412,-1.5541768992711156,0.0056787224447855215,0.06575781876503609,0.011764705882352941,0.006271187581741492,True
s__Enterobacter_roggenkampii,0.005136848436246993,0.05536076470588235,3.429908433362496,0.006892413666566446,0.06415396952686447,0.011764705882352941,0.0075965502297520165,True
s__Pseudomonas_fluorescens,0.08063848436246993,0.008789117647058822,-3.1976782649552398,0.00806167296598126,0.08019246190858059,0.023529411764705882,0.008867840262579385,True
s__Pantoea_eucrina,0.2829032397754611,0.012340470588235295,-4.518839371226787,0.008077502906507423,0.048115477145148355,0.1,0.008867865226126545,True
s__Acidovorax_sp_BoFeN1,2.2621274659182036,0.008172588235294117,-8.112671443266589,0.008861642880682197,0.1724137931034483,0.11176470588235295,0.009709729796997486,True
s__Corynebacterium_tuberculostearicum,0.1482128789093825,0.010557117647058824,-3.8113829005921724,0.009193178954868502,0.06655974338412189,0.12941176470588237,0.010053359441873742,True
s__Pseudomonas_lutea,0.2963244346431435,0.00012729411764705883,-11.184794993516109,0.009857766679885895,0.05854049719326383,0.011764705882352941,0.010759157796529157,True
s__Kocuria_rhizophila,0.19248129109863676,0.00016811764705882353,-10.16103048195876,0.010642889253798965,0.057738572574178026,0.011764705882352941,0.011593516255109165,True
s__Haemophilus_parainfluenzae,0.010596696070569369,0.00044558823529411765,-4.571759256369994,0.011229926705165243,0.05854049719326383,0.011764705882352941,0.01220928077829012,True
s__Phocaeicola_coprophilus,0.001321812349639134,0.027662058823529415,4.387319147944936,0.013729520394766995,0.06575781876503609,0.01764705882352941,0.014897990215598228,True
s__Enterobacter_hormaechei,0.12695365677626305,0.05994576470588235,-1.08257221681769,0.014520679571092324,0.12429831595829992,0.058823529411764705,0.01572606416869265,True
s__Zoogloea_sp_1C4,0.003124009623095429,0.0004278235294117647,-2.8683108714308045,0.014972658555360077,0.05533279871692061,0.011764705882352941,0.01618431878527361,True
s__Citrobacter_freundii,0.027384971932638332,0.011063294117647058,-1.3076033791187684,0.018942996934091044,0.13552526062550121,0.07058823529411765,0.020436579384663606,True
s__Staphylococcus_hominis,0.6439961026463512,0.005455470588235294,-6.883204472361002,0.019867685434663697,0.11307137129109864,0.058823529411764705,0.021393035564004476,True
s__Flavobacterium_sp_F_340,0.005468043303929432,0.0001538823529411765,-5.151124057616983,0.02084585593386858,0.06896551724137931,0.023529411764705882,0.02240330494042198,True
s__Aeromonas_caviae,0.10384763432237369,0.26222611764705883,1.3363430323267385,0.02227169808455752,0.10264635124298316,0.047058823529411764,0.023889909417661125,True
s__Staphylococcus_arlettae,0.5771038331996792,0.0024496470588235295,-7.880113141703981,0.02795374371954416,0.04891740176423416,0.09411764705882353,0.02992757676844327,True
s__Leclercia_adecarboxylata,0.5406424218123497,0.02850905882352941,-4.245182396266446,0.029042560901037025,0.07457898957497995,0.029411764705882353,0.031034050791393847,True
s__Eubacterium_rectale,0.2247250120288693,0.005307,-5.404120320761756,0.03432944877709686,0.2036888532477947,0.16470588235294117,0.036613727688120414,True
s__Enterobacter_asburiae,0.002227955092221331,0.0005777647058823529,-1.9471659870557152,0.04107936828061191,0.0545308740978348,0.01764705882352941,0.04372965010516751,True
s__Micropruina_glycogenica,0.003830240577385726,0.00031894117647058825,-3.5860723240640477,0.04476716846992296,0.10986367281475541,0.06470588235294118,0.04756511649929314,True
s__Pseudomonas_lactis,0.018402622293504412,0.0005819411764705882,-4.982893977772751,0.046194205817811404,0.060144346431435444,0.023529411764705882,0.0489885623134068,True
s__Pseudomonas_putida,0.12483101042502007,0.10264400000000001,-0.28232707373655436,0.05448658007375946,0.07217321571772253,0.11764705882352941,0.057673530983734074,False
s__Bifidobacterium_pseudocatenulatum,0.007011403368083399,0.017359411764705884,1.3079429086481509,0.054699311598327006,0.11387329591018444,0.16470588235294117,0.057789668185803104,False
s__Prevotellamassilia_timonensis,0.0010697514033680836,0.0004894117647058823,-1.128154724547167,0.061720612478848434,0.06655974338412189,0.029411764705882353,0.06508508195607889,False
s__Pseudomonas_juntendi,0.034426728147554125,0.001062705882352941,-5.017714672147454,0.06941643204829524,0.056134723336006415,0.023529411764705882,0.07306307388197679,False
s__Psychrobacter_cryohalolentis,0.1102585886126704,0.08715782352941176,-0.33918896319572805,0.08615771024790471,0.0817963111467522,0.11764705882352941,0.0905139989683044,False
s__Paracoccus_SGB99481,0.0013052606255012028,0.004905294117647058,1.910001657777592,0.08794374423160983,0.07939053728949479,0.11764705882352941,0.09221764582043572,False
s__Massilia_SGB57106,0.1653133119486768,0.0024324117647058826,-6.086671562029134,0.11226899711800445,0.05854049719326383,0.029411764705882353,0.11750542422238898,False
s__Streptococcus_infantarius,0.0023580994386527667,0.0006292941176470587,-1.9058180260722553,0.14163951420579088,0.07056936647955092,0.041176470588235294,0.1479697718239268,False
s__Bifidobacterium_adolescentis,0.09680218925421011,0.03805623529411765,-1.3469068228635939,0.1451233181970953,0.19406575781876503,0.17647058823529413,0.15132747492299345,False
s__Dysgonamonadaceae_bacterium,0.0038802566158781067,0.0020499999999999997,-0.9205281234590177,0.14586647037188868,0.07297514033680834,0.041176470588235294,0.1518202038564556,False
s__Phocaeicola_vulgatus,0.14694460304731355,0.07482488235294119,-0.9736823615038435,0.17058335799826008,0.2028869286287089,0.17647058823529413,0.17721715525374798,False
s__Streptococcus_salivarius,0.011114346431435445,0.0018314705882352942,-2.6013486107934134,0.23318376352833226,0.10425020048115477,0.07647058823529412,0.2418042353778085,False
s__GGB2722_SGB3663,0.0855137770649559,0.011470882352941176,-2.898180490107271,0.24861182219333988,0.05693664795509222,0.08235294117647059,0.2573269967720732,False
s__Ruminococcus_bromii,0.1170916519647153,0.008803000000000002,-3.733499129564227,0.2502270880038342,0.18444266238973536,0.17647058823529413,0.25852190860064633,False
s__Streptococcus_mitis,0.0694928869286287,0.002102529411764706,-5.046667361927177,0.26208106343993465,0.052125100240577385,0.07647058823529412,0.2702710966724326,False
s__Chryseobacterium_faecale,0.0019406655974338412,0.0008170588235294117,-1.248039588681877,0.3035404817558295,0.1218925421010425,0.1,0.31245176195416574,False
s__Phocaeicola_coprocola,0.014931972734562952,0.008881529411764707,-0.7495247356651538,0.31360706689790296,0.10024057738572574,0.07647058823529412,0.32222264565883435,False
s__Holdemanella_porci,0.012115693664795509,0.004963411764705883,-1.287472938495591,0.3324948082549203,0.13712910986367283,0.11764705882352941,0.34100473022122535,False
s__Bifidobacterium_longum,0.050680641539695266,0.02269288235294118,-1.1591949177966827,0.33378513956921496,0.1884522854851644,0.25882352941176473,0.34170340017943357,False
s__Stutzerimonas_stutzeri,1.7238602566158778,0.008466000000000001,-7.669746607269717,0.35798638488355994,0.16680032076984763,0.21764705882352942,0.3658112238974083,False
s__Enterococcus_casseliflavus,0.10659417000801925,0.0033171764705882353,-5.0060289179181785,0.4098425130549339,0.0681635926222935,0.052941176470588235,0.4180393633160326,False
s__Pseudomonas_fulva,0.31627368083400154,0.004386235294117647,-6.172046456599637,0.41547555536487724,0.0681635926222935,0.08823529411764706,0.4230159465693215,False
s__Lactobacillus_delbrueckii,0.004026319165998397,0.0035568823529411766,-0.17884827762110728,0.44759788280197743,0.09943865276663993,0.11764705882352941,0.454895674369401,False
s__Chryseobacterium_manosquense,0.04877051323175621,0.0032082941176470583,-3.9261308016905545,0.47287241803186675,0.12670408981555734,0.11764705882352941,0.47971324867247245,False
s__Lactococcus_lactis,0.08747621491579792,0.0035777647058823528,-4.611760342032707,0.5956802555314955,0.09382518043303929,0.08235294117647059,0.6032069013595107,False
s__Erwinia_gerundensis,0.5199227666399358,0.0015694705882352941,-8.371875435016022,0.6450099581699065,0.07056936647955092,0.06470588235294118,0.6519830387987703,False
s__Aliarcobacter_butzleri,0.03925195669607057,0.008840529411764705,-2.1505598884236012,0.6803905893329599,0.07377706495589414,0.06470588235294118,0.6865092097406303,False
s__Phenylobacterium_haematophilum,0.0004516760224538893,0.0014089411764705883,1.6412509287142296,0.7016832012109184,0.0545308740978348,0.047058823529411764,0.7067222188138693,False
s__Phocaeicola_plebeius,0.027223295910184447,0.07149905882352943,1.3930825040967039,0.7582863352931022,0.10585404971932638,0.1,0.7623631435473662,False
s__Psychrobacter_glacincola,0.01092707297514034,0.028813000000000005,1.398812873668275,0.800078484423353,0.06896551724137931,0.07058823529411765,0.8029410192513436,False
s__Massilia_sp_IC2_278,0.5948958139534882,0.0015541764705882353,-8.58034279848012,0.8602270891531901,0.10585404971932638,0.11176470588235295,0.8617632089552494,False
s__Coprococcus_catus,0.000679943865276664,0.0018349411764705882,1.432246130585691,0.9180066059337306,0.057738572574178026,0.058823529411764705,0.9180066059337306,False
